ID;Raw_ADC;;;;;;;
7247;2098;;;;;;;
7267;2100;;;;;;;
7287;2097;;;;;;;
7307;2096;;;;;;;
7327;2096;;;;;;;
7347;2096;;;;;;;
7367;2095;;;;;;;
7387;2106;;;;;;;
7407;2092;;;;;;;
7427;2097;;;;;;;
7447;2092;;;;;;;
7467;2096;;;;;;;
7487;2101;;;;;;;
7507;2096;;;;;;;
7527;2096;;;;;;;
7547;2092;;;;;;;
7567;2095;;;;;;;
7587;2109;;;;;;;
7607;2083;;;;;;;
7627;2094;;;;;;;
7647;2096;;;;;;;
7667;2096;;;;;;;
7687;2096;;;;;;;
7707;2102;;;;;;;
7727;2089;;;;;;;
7747;2099;;;;;;;
7767;2102;;;;;;;
7787;2088;;;;;;;
7807;2097;;;;;;;
7827;2096;;;;;;;
7847;2099;;;;;;;
7867;2109;;;;;;;
7887;2096;;;;;;;
7907;2092;;;;;;;
7927;2107;;;;;;;
7947;2096;;;;;;;
7967;2112;;;;;;;
7987;2096;;;;;;;
8007;2086;;;;;;;
8027;2093;;;;;;;
8047;2096;;;;;;;
8067;2095;;;;;;;
8087;2095;;;;;;;
8107;2096;;;;;;;
8127;2102;;;;;;;
8147;2106;;;;;;;
8167;2102;;;;;;;
8187;2096;;;;;;;
8207;2087;;;;;;;
8227;2103;;;;;;;
8247;2096;;;;;;;
8267;2095;;;;;;;
8287;2087;;;;;;;
8307;2098;;;;;;;
8327;2096;;;;;;;
8347;2097;;;;;;;
8367;2087;;;;;;;
8387;2096;;;;;;;
8407;2098;;;;;;;
8427;2102;;;;;;;
8447;2095;;;;;;;
8467;2086;;;;;;;
8487;2095;;;;;;;
8507;2097;;;;;;;
8527;2080;;;;;;;
8547;2099;;;;;;;
8567;2079;;;;;;;
8587;2105;;;;;;;
8607;2091;;;;;;;
8627;2087;;;;;;;
8647;2100;;;;;;;
8667;2100;;;;;;;
8687;2097;;;;;;;
8707;2093;;;;;;;
8727;2093;;;;;;;
8747;2096;;;;;;;
8767;2087;;;;;;;
8787;2093;;;;;;;
8807;2096;;;;;;;
8827;2085;;;;;;;
8847;2096;;;;;;;
8867;2094;;;;;;;
8887;2096;;;;;;;
8907;2107;;;;;;;
8927;2095;;;;;;;
8947;2091;;;;;;;
8967;2098;;;;;;;
8987;2102;;;;;;;
9007;2099;;;;;;;
9027;2091;;;;;;;
9047;2094;;;;;;;
9067;2096;;;;;;;
9087;2087;;;;;;;
9107;2117;;;;;;;
9127;2092;;;;;;;
9147;2096;;;;;;;
9167;2095;;;;;;;
9187;2091;;;;;;;
9207;2096;;;;;;;
9227;2095;;;;;;;
9247;2097;;;;;;;
9267;2099;;;;;;;
9287;2097;;;;;;;
9307;2094;;;;;;;
9327;2095;;;;;;;
9347;2087;;;;;;;
9367;2096;;;;;;;
9387;2096;;;;;;;
9407;2107;;;;;;;
9427;2084;;;;;;;
9447;2093;;;;;;;
9467;2101;;;;;;;
9487;2091;;;;;;;
9507;2097;;;;;;;
9527;2096;;;;;;;
9547;2098;;;;;;;
9567;2096;;;;;;;
9587;2096;;;;;;;
9607;2096;;;;;;;
9627;2096;;;;;;;
9647;2101;;;;;;;
9667;2087;;;;;;;
9687;2098;;;;;;;
9707;2096;;;;;;;
9727;2099;;;;;;;
9747;2094;;;;;;;
9767;2093;;;;;;;
9787;2107;;;;;;;
9807;2089;;;;;;;
9827;2093;;;;;;;
9847;2095;;;;;;;
9867;2110;;;;;;;
9887;2095;;;;;;;
9907;2090;;;;;;;
9927;2088;;;;;;;
9947;2097;;;;;;;
9967;2085;;;;;;;
9987;2096;;;;;;;
10007;2096;;;;;;;
10027;2096;;;;;;;
10047;2091;;;;;;;
10067;2088;;;;;;;
10087;2095;;;;;;;
10107;2096;;;;;;;
10127;2096;;;;;;;
10147;2093;;;;;;;
10167;2096;;;;;;;
10187;2102;;;;;;;
10207;2096;;;;;;;
10227;2086;;;;;;;
10247;2096;;;;;;;
10267;2096;;;;;;;
10287;2101;;;;;;;
10307;2096;;;;;;;
10327;2096;;;;;;;
10347;2096;;;;;;;
10367;2109;;;;;;;
10387;2089;;;;;;;
10407;2096;;;;;;;
10427;2096;;;;;;;
10447;2093;;;;;;;
10467;2095;;;;;;;
10487;2096;;;;;;;
10507;2089;;;;;;;
10527;2096;;;;;;;
10547;2090;;;;;;;
10567;2096;;;;;;;
10587;2090;;;;;;;
10607;2098;;;;;;;
10627;2093;;;;;;;
10647;2084;;;;;;;
10667;2101;;;;;;;
10687;2102;;;;;;;
10707;2091;;;;;;;
10727;2096;;;;;;;
10747;2090;;;;;;;
10767;2101;;;;;;;
10787;2103;;;;;;;
10807;2097;;;;;;;
10827;2098;;;;;;;
10847;2095;;;;;;;
10867;2098;;;;;;;
10887;2096;;;;;;;
10907;2096;;;;;;;
10927;2093;;;;;;;
10947;2101;;;;;;;
10967;2096;;;;;;;
10987;2102;;;;;;;
11007;2083;;;;;;;
11027;2111;;;;;;;
11047;2078;;;;;;;
11067;2087;;;;;;;
11087;2097;;;;;;;
11107;2097;;;;;;;
11127;2096;;;;;;;
11147;2101;;;;;;;
11167;2103;;;;;;;
11187;2096;;;;;;;
11207;2087;;;;;;;
11227;2095;;;;;;;
11247;2092;;;;;;;
11267;2099;;;;;;;
11287;2103;;;;;;;
11307;2097;;;;;;;
11327;2086;;;;;;;
11347;2095;;;;;;;
11367;2101;;;;;;;
11387;2095;;;;;;;
11407;2098;;;;;;;
11427;2081;;;;;;;
11447;2096;;;;;;;
11467;2077;;;;;;;
11487;2096;;;;;;;
11507;2102;;;;;;;
11527;2105;;;;;;;
11547;2095;;;;;;;
11567;2107;;;;;;;
11587;2091;;;;;;;
11607;2097;;;;;;;
11627;2102;;;;;;;
11647;2098;;;;;;;
11667;2113;;;;;;;
11687;2047;;;;;;;
11707;2096;;;;;;;
11727;2096;;;;;;;
11747;2086;;;;;;;
11767;2095;;;;;;;
11787;2096;;;;;;;
11807;2103;;;;;;;
11827;2091;;;;;;;
11847;2095;;;;;;;
11867;2098;;;;;;;
11887;2096;;;;;;;
11907;2100;;;;;;;
11927;2094;;;;;;;
11947;2096;;;;;;;
11967;2095;;;;;;;
11987;2095;;;;;;;
12007;2090;;;;;;;
12027;2093;;;;;;;
12047;2097;;;;;;;
12067;2083;;;;;;;
12087;2085;;;;;;;
12107;2096;;;;;;;
12127;2093;;;;;;;
12147;2102;;;;;;;
12167;2079;;;;;;;
12187;2096;;;;;;;
12207;2096;;;;;;;
12227;2105;;;;;;;
12247;2091;;;;;;;
12267;2089;;;;;;;
12287;2098;;;;;;;
12307;2085;;;;;;;
12327;2085;;;;;;;
12347;2089;;;;;;;
12367;2100;;;;;;;
12387;2093;;;;;;;
12407;2101;;;;;;;
12427;2080;;;;;;;
12447;2093;;;;;;;
12467;2097;;;;;;;
12487;2098;;;;;;;
12507;2084;;;;;;;
12527;2096;;;;;;;
12547;2081;;;;;;;
12567;2099;;;;;;;
12587;2089;;;;;;;
12607;2096;;;;;;;
12627;2096;;;;;;;
12647;2095;;;;;;;
12667;2095;;;;;;;
12687;2091;;;;;;;
12707;2091;;;;;;;
12727;2089;;;;;;;
12747;2102;;;;;;;
12767;2094;;;;;;;
12787;2096;;;;;;;
12807;2105;;;;;;;
12827;2096;;;;;;;
12847;2105;;;;;;;
12867;2100;;;;;;;
12887;2094;;;;;;;
12907;2103;;;;;;;
12927;2090;;;;;;;
12947;2091;;;;;;;
12967;2096;;;;;;;
12987;2095;;;;;;;
13007;2100;;;;;;;
13027;2095;;;;;;;
13047;2096;;;;;;;
13067;2091;;;;;;;
13087;2093;;;;;;;
13107;2096;;;;;;;
13127;2096;;;;;;;
13147;2097;;;;;;;
13167;2099;;;;;;;
13187;2102;;;;;;;
13207;2097;;;;;;;
13227;2099;;;;;;;
13247;2102;;;;;;;
13267;2097;;;;;;;
13287;2096;;;;;;;
13307;2095;;;;;;;
13327;2111;;;;;;;
13347;2086;;;;;;;
13367;2099;;;;;;;
13387;2097;;;;;;;
13407;2107;;;;;;;
13427;2106;;;;;;;
13447;2096;;;;;;;
13467;2096;;;;;;;
13487;2095;;;;;;;
13507;2093;;;;;;;
13527;2098;;;;;;;
13547;2087;;;;;;;
13567;2107;;;;;;;
13587;2096;;;;;;;
13607;2102;;;;;;;
13627;2093;;;;;;;
13647;2101;;;;;;;
13667;2093;;;;;;;
13687;2097;;;;;;;
13707;2080;;;;;;;
13727;2096;;;;;;;
13747;2099;;;;;;;
13767;2098;;;;;;;
13787;2103;;;;;;;
13807;2094;;;;;;;
13827;2102;;;;;;;
13847;2098;;;;;;;
13867;2092;;;;;;;
13887;2083;;;;;;;
13907;2093;;;;;;;
13927;2095;;;;;;;
13947;2096;;;;;;;
13967;2100;;;;;;;
13987;2096;;;;;;;
14007;2095;;;;;;;
14027;2096;;;;;;;
14047;2099;;;;;;;
14067;2095;;;;;;;
14087;2093;;;;;;;
14107;2106;;;;;;;
14127;2093;;;;;;;
14147;2110;;;;;;;
14167;2080;;;;;;;
14187;2098;;;;;;;
14207;2102;;;;;;;
14227;2095;;;;;;;
14247;2086;;;;;;;
14267;2096;;;;;;;
14287;2093;;;;;;;
14307;2103;;;;;;;
14327;2082;;;;;;;
14347;2096;;;;;;;
14367;2103;;;;;;;
14387;2096;;;;;;;
14407;2095;;;;;;;
14427;2102;;;;;;;
14447;2096;;;;;;;
14467;2081;;;;;;;
14487;2087;;;;;;;
14507;2087;;;;;;;
14527;2110;;;;;;;
14547;2082;;;;;;;
14567;2097;;;;;;;
14587;2105;;;;;;;
14607;2086;;;;;;;
14627;2099;;;;;;;
14647;2090;;;;;;;
14667;2096;;;;;;;
14687;2095;;;;;;;
14707;2103;;;;;;;
14727;2106;;;;;;;
14747;2080;;;;;;;
14767;2095;;;;;;;
14787;2103;;;;;;;
14807;2096;;;;;;;
14827;2097;;;;;;;
14847;2097;;;;;;;
14867;2097;;;;;;;
14887;2102;;;;;;;
14907;2096;;;;;;;
14927;2096;;;;;;;
14947;2096;;;;;;;
14967;2087;;;;;;;
14987;2096;;;;;;;
15007;2096;;;;;;;
15027;2096;;;;;;;
15047;2103;;;;;;;
15067;2079;;;;;;;
15087;2089;;;;;;;
15107;2101;;;;;;;
15127;2094;;;;;;;
15147;2097;;;;;;;
15167;2095;;;;;;;
15187;2099;;;;;;;
15207;2099;;;;;;;
15227;2098;;;;;;;
15247;2096;;;;;;;
15267;2096;;;;;;;
15287;2098;;;;;;;
15307;2096;;;;;;;
15327;2095;;;;;;;
15347;2103;;;;;;;
15367;2091;;;;;;;
15387;2106;;;;;;;
15407;2099;;;;;;;
15427;2096;;;;;;;
15447;2091;;;;;;;
15467;2099;;;;;;;
15487;2101;;;;;;;
15507;2096;;;;;;;
15527;2083;;;;;;;
15547;2096;;;;;;;
15567;2090;;;;;;;
15587;2101;;;;;;;
15607;2095;;;;;;;
15627;2099;;;;;;;
15647;2095;;;;;;;
15667;2097;;;;;;;
15687;2100;;;;;;;
15707;2095;;;;;;;
15727;2096;;;;;;;
15747;2099;;;;;;;
15767;2099;;;;;;;
15787;2112;;;;;;;
15807;2107;;;;;;;
15827;2098;;;;;;;
15847;2105;;;;;;;
15867;2089;;;;;;;
15887;2089;;;;;;;
15907;2095;;;;;;;
15927;2090;;;;;;;
15947;2099;;;;;;;
15967;2093;;;;;;;
15987;2102;;;;;;;
16007;2106;;;;;;;
16027;2096;;;;;;;
16047;2099;;;;;;;
16067;2096;;;;;;;
16087;2103;;;;;;;
16107;2096;;;;;;;
16127;2086;;;;;;;
16147;2096;;;;;;;
16167;2086;;;;;;;
16187;2095;;;;;;;
16207;2096;;;;;;;
16227;2111;;;;;;;
16247;2097;;;;;;;
16267;2091;;;;;;;
16287;2096;;;;;;;
16307;2096;;;;;;;
16327;2096;;;;;;;
16347;2096;;;;;;;
16367;2097;;;;;;;
16387;2096;;;;;;;
16407;2095;;;;;;;
16427;2096;;;;;;;
16447;2091;;;;;;;
16467;2107;;;;;;;
16487;2091;;;;;;;
16507;2107;;;;;;;
16527;2097;;;;;;;
16547;2093;;;;;;;
16567;2096;;;;;;;
16587;2098;;;;;;;
16607;2108;;;;;;;
16627;2094;;;;;;;
16647;2096;;;;;;;
16667;2090;;;;;;;
16687;2096;;;;;;;
16707;2091;;;;;;;
16727;2112;;;;;;;
16747;2096;;;;;;;
16767;2102;;;;;;;
16787;2095;;;;;;;
16807;2112;;;;;;;
16827;2096;;;;;;;
16847;2090;;;;;;;
16867;2094;;;;;;;
16887;2091;;;;;;;
16907;2094;;;;;;;
16927;2097;;;;;;;
16947;2094;;;;;;;
16967;2102;;;;;;;
16987;2096;;;;;;;
17007;2089;;;;;;;
17027;2111;;;;;;;
17047;2085;;;;;;;
17067;2096;;;;;;;
17087;2097;;;;;;;
17107;2099;;;;;;;
17127;2086;;;;;;;
17147;2093;;;;;;;
17167;2095;;;;;;;
17187;2087;;;;;;;
17207;2099;;;;;;;
17227;2108;;;;;;;
17247;2098;;;;;;;
17267;2094;;;;;;;
17287;2091;;;;;;;
17307;2093;;;;;;;
17327;2096;;;;;;;
17347;2093;;;;;;;
17367;2087;;;;;;;
17387;2102;;;;;;;
17407;2100;;;;;;;
17427;2094;;;;;;;
17447;2103;;;;;;;
17467;2081;;;;;;;
17487;2098;;;;;;;
17507;2096;;;;;;;
17527;2098;;;;;;;
17547;2097;;;;;;;
17567;2106;;;;;;;
17587;2087;;;;;;;
17607;2096;;;;;;;
17627;2106;;;;;;;
17647;2096;;;;;;;
17667;2102;;;;;;;
17687;2108;;;;;;;
17707;2097;;;;;;;
17727;2109;;;;;;;
17747;2087;;;;;;;
17767;2091;;;;;;;
17787;2096;;;;;;;
17807;2099;;;;;;;
17827;2096;;;;;;;
17847;2096;;;;;;;
17867;2083;;;;;;;
17887;2095;;;;;;;
17907;2097;;;;;;;
17927;2103;;;;;;;
17947;2087;;;;;;;
17967;2096;;;;;;;
17987;2092;;;;;;;
18007;2091;;;;;;;
18027;2096;;;;;;;
18047;2096;;;;;;;
18067;2102;;;;;;;
18087;2095;;;;;;;
18107;2101;;;;;;;
18127;2099;;;;;;;
18147;2096;;;;;;;
18167;2110;;;;;;;
18187;2093;;;;;;;
18207;2093;;;;;;;
18227;2084;;;;;;;
18247;2091;;;;;;;
18267;2097;;;;;;;
18287;2094;;;;;;;
18307;2093;;;;;;;
18327;2091;;;;;;;
18347;2085;;;;;;;
18367;2102;;;;;;;
18387;2097;;;;;;;
18407;2098;;;;;;;
18427;2098;;;;;;;
18447;2096;;;;;;;
18467;2095;;;;;;;
18487;2090;;;;;;;
18507;2094;;;;;;;
18527;2096;;;;;;;
18547;2093;;;;;;;
18567;2096;;;;;;;
18587;2097;;;;;;;
18607;2098;;;;;;;
18627;2097;;;;;;;
18647;2099;;;;;;;
18667;2101;;;;;;;
18687;2098;;;;;;;
18707;2096;;;;;;;
18727;2103;;;;;;;
18747;2096;;;;;;;
18767;2096;;;;;;;
18787;2097;;;;;;;
18807;2092;;;;;;;
18827;2093;;;;;;;
18847;2095;;;;;;;
18867;2096;;;;;;;
18887;2104;;;;;;;
18907;2097;;;;;;;
18927;2107;;;;;;;
18947;2090;;;;;;;
18967;2093;;;;;;;
18987;2097;;;;;;;
19007;2094;;;;;;;
19027;2089;;;;;;;
19047;2098;;;;;;;
19067;2096;;;;;;;
19087;2099;;;;;;;
19107;2097;;;;;;;
19127;2098;;;;;;;
19147;2099;;;;;;;
19167;2090;;;;;;;
19187;2109;;;;;;;
19207;2086;;;;;;;
19227;2096;;;;;;;
19247;2089;;;;;;;
19267;2101;;;;;;;
19287;2096;;;;;;;
19307;2091;;;;;;;
19327;2101;;;;;;;
19347;2096;;;;;;;
19367;2096;;;;;;;
19387;2087;;;;;;;
19407;2082;;;;;;;
19427;2096;;;;;;;
19447;2097;;;;;;;
19467;2087;;;;;;;
19487;2091;;;;;;;
19507;2097;;;;;;;
19527;2096;;;;;;;
19547;2106;;;;;;;
19567;2096;;;;;;;
19587;2093;;;;;;;
19607;2095;;;;;;;
19627;2103;;;;;;;
19647;2096;;;;;;;
19667;2095;;;;;;;
19687;2110;;;;;;;
19707;2091;;;;;;;
19727;2099;;;;;;;
19747;2090;;;;;;;
19767;2096;;;;;;;
19787;2112;;;;;;;
19807;2100;;;;;;;
19827;2096;;;;;;;
19847;2096;;;;;;;
19867;2095;;;;;;;
19887;2096;;;;;;;
19907;2094;;;;;;;
19927;2095;;;;;;;
19947;2085;;;;;;;
19967;2095;;;;;;;
19987;2109;;;;;;;
20007;2090;;;;;;;
20027;2096;;;;;;;
20047;2099;;;;;;;
20067;2091;;;;;;;
20087;2099;;;;;;;
20107;2091;;;;;;;
20127;2099;;;;;;;
20147;2091;;;;;;;
20167;2096;;;;;;;
20187;2096;;;;;;;
20207;2090;;;;;;;
20227;2094;;;;;;;
20247;2090;;;;;;;
20267;2096;;;;;;;
20287;2090;;;;;;;
20307;2085;;;;;;;
20327;2093;;;;;;;
20347;2094;;;;;;;
20367;2096;;;;;;;
20387;2093;;;;;;;
20407;2096;;;;;;;
20427;2096;;;;;;;
20447;2109;;;;;;;
20467;2096;;;;;;;
20487;2085;;;;;;;
20507;2102;;;;;;;
20527;2101;;;;;;;
20547;2090;;;;;;;
20567;2106;;;;;;;
20587;2107;;;;;;;
20607;2093;;;;;;;
20627;2086;;;;;;;
20647;2101;;;;;;;
20667;2098;;;;;;;
20687;2095;;;;;;;
20707;2091;;;;;;;
20727;2087;;;;;;;
20747;2106;;;;;;;
20767;2094;;;;;;;
20787;2093;;;;;;;
20807;2105;;;;;;;
20827;2091;;;;;;;
20847;2087;;;;;;;
20867;2106;;;;;;;
20887;2100;;;;;;;
20907;2105;;;;;;;
20927;2110;;;;;;;
20947;2098;;;;;;;
20967;2094;;;;;;;
20987;2091;;;;;;;
21007;2092;;;;;;;
21027;2094;;;;;;;
21047;2097;;;;;;;
21067;2098;;;;;;;
21087;2096;;;;;;;
21107;2095;;;;;;;
21127;2099;;;;;;;
21147;2102;;;;;;;
21167;2093;;;;;;;
21187;2092;;;;;;;
21207;2103;;;;;;;
21227;2102;;;;;;;
21247;2096;;;;;;;
21267;2109;;;;;;;
21287;2091;;;;;;;
21307;2096;;;;;;;
21327;2098;;;;;;;
21347;2105;;;;;;;
21367;2098;;;;;;;
21387;2094;;;;;;;
21407;2100;;;;;;;
21427;2101;;;;;;;
21447;2096;;;;;;;
21467;2097;;;;;;;
21487;2097;;;;;;;
21507;2096;;;;;;;
21527;2096;;;;;;;
21547;2101;;;;;;;
21567;2096;;;;;;;
21587;2105;;;;;;;
21607;2093;;;;;;;
21627;2099;;;;;;;
21647;2090;;;;;;;
21667;2083;;;;;;;
21687;2105;;;;;;;
21707;2098;;;;;;;
21727;2096;;;;;;;
21747;2086;;;;;;;
21767;2099;;;;;;;
21787;2101;;;;;;;
21807;2101;;;;;;;
21827;2086;;;;;;;
21847;2107;;;;;;;
21867;2096;;;;;;;
21887;2090;;;;;;;
21907;2083;;;;;;;
21927;2095;;;;;;;
21947;2086;;;;;;;
21967;2103;;;;;;;
21987;2094;;;;;;;
22007;2082;;;;;;;
22027;2094;;;;;;;
22047;2096;;;;;;;
22067;2096;;;;;;;
22087;2097;;;;;;;
22107;2096;;;;;;;
22127;2101;;;;;;;
22147;2105;;;;;;;
22167;2097;;;;;;;
22187;2093;;;;;;;
22207;2103;;;;;;;
22227;2094;;;;;;;
22247;2106;;;;;;;
22267;2096;;;;;;;
22287;2087;;;;;;;
22307;2090;;;;;;;
22327;2096;;;;;;;
22347;2095;;;;;;;
22367;2101;;;;;;;
22387;2097;;;;;;;
22407;2102;;;;;;;
22427;2096;;;;;;;
22447;2100;;;;;;;
22467;2106;;;;;;;
22487;2101;;;;;;;
22507;2102;;;;;;;
22527;2096;;;;;;;
22547;2092;;;;;;;
22567;2099;;;;;;;
22587;2095;;;;;;;
22607;2097;;;;;;;
22627;2093;;;;;;;
22647;2100;;;;;;;
22667;2094;;;;;;;
22687;2101;;;;;;;
22707;2096;;;;;;;
22727;2097;;;;;;;
22747;2095;;;;;;;
22767;2088;;;;;;;
22787;2089;;;;;;;
22807;2096;;;;;;;
22827;2094;;;;;;;
22847;2097;;;;;;;
22867;2099;;;;;;;
22887;2099;;;;;;;
22907;2099;;;;;;;
22927;2093;;;;;;;
22947;2096;;;;;;;
22967;2100;;;;;;;
22987;2099;;;;;;;
23007;2097;;;;;;;
23027;2080;;;;;;;
23047;2091;;;;;;;
23067;2091;;;;;;;
23087;2094;;;;;;;
23107;2108;;;;;;;
23127;2082;;;;;;;
23147;2089;;;;;;;
23167;2096;;;;;;;
23187;2099;;;;;;;
23207;2098;;;;;;;
23227;2089;;;;;;;
23247;2093;;;;;;;
23267;2096;;;;;;;
23287;2090;;;;;;;
23307;2105;;;;;;;
23327;2096;;;;;;;
23347;2099;;;;;;;
23367;2098;;;;;;;
23387;2096;;;;;;;
23407;2093;;;;;;;
23427;2090;;;;;;;
23447;2095;;;;;;;
23467;2096;;;;;;;
23487;2100;;;;;;;
23507;2091;;;;;;;
23527;2096;;;;;;;
23547;2095;;;;;;;
23567;2102;;;;;;;
23587;2090;;;;;;;
23607;2091;;;;;;;
23627;2096;;;;;;;
23647;2090;;;;;;;
23667;2094;;;;;;;
23687;2096;;;;;;;
23707;2083;;;;;;;
23727;2098;;;;;;;
23747;2102;;;;;;;
23767;2096;;;;;;;
23787;2094;;;;;;;
23807;2096;;;;;;;
23827;2097;;;;;;;
23847;2103;;;;;;;
23867;2093;;;;;;;
23887;2095;;;;;;;
23907;2090;;;;;;;
23927;2112;;;;;;;
23947;2103;;;;;;;
23967;2097;;;;;;;
23987;2101;;;;;;;
24007;2103;;;;;;;
24027;2089;;;;;;;
24047;2092;;;;;;;
24067;2102;;;;;;;
24087;2103;;;;;;;
24107;2095;;;;;;;
24127;2096;;;;;;;
24147;2091;;;;;;;
24167;2104;;;;;;;
24187;2091;;;;;;;
24207;2099;;;;;;;
24227;2079;;;;;;;
24247;2100;;;;;;;
24267;2095;;;;;;;
24287;2093;;;;;;;
24307;2096;;;;;;;
24327;2101;;;;;;;
24347;2096;;;;;;;
24367;2096;;;;;;;
24387;2093;;;;;;;
24407;2096;;;;;;;
24427;2110;;;;;;;
24447;2096;;;;;;;
24467;2102;;;;;;;
24487;2096;;;;;;;
24507;2096;;;;;;;
24527;2080;;;;;;;
24547;2091;;;;;;;
24567;2091;;;;;;;
24587;2101;;;;;;;
24607;2096;;;;;;;
24627;2086;;;;;;;
24647;2098;;;;;;;
24667;2100;;;;;;;
24687;2098;;;;;;;
24707;2091;;;;;;;
24727;2091;;;;;;;
24747;2103;;;;;;;
24767;2097;;;;;;;
24787;2101;;;;;;;
24807;2095;;;;;;;
24827;2096;;;;;;;
24847;2096;;;;;;;
24867;2084;;;;;;;
24887;2101;;;;;;;
24907;2086;;;;;;;
24927;2099;;;;;;;
24947;2106;;;;;;;
24967;2090;;;;;;;
24987;2098;;;;;;;
25007;2097;;;;;;;
25027;2093;;;;;;;
25047;2097;;;;;;;
25067;2098;;;;;;;
25087;2093;;;;;;;
25107;2096;;;;;;;
25127;2093;;;;;;;
25147;2095;;;;;;;
25167;2098;;;;;;;
25187;2098;;;;;;;
25207;2097;;;;;;;
25227;2098;;;;;;;
25247;2112;;;;;;;
25267;2112;;;;;;;
25287;2096;;;;;;;
25307;2093;;;;;;;
25327;2094;;;;;;;
25347;2087;;;;;;;
25367;2095;;;;;;;
25387;2099;;;;;;;
25407;2091;;;;;;;
25427;2096;;;;;;;
25447;2101;;;;;;;
25467;2096;;;;;;;
25487;2096;;;;;;;
25507;2098;;;;;;;
25527;2096;;;;;;;
25547;2096;;;;;;;
25567;2094;;;;;;;
25587;2099;;;;;;;
25607;2096;;;;;;;
25627;2096;;;;;;;
25647;2097;;;;;;;
25667;2102;;;;;;;
25687;2098;;;;;;;
25707;2094;;;;;;;
25727;2101;;;;;;;
25747;2098;;;;;;;
25767;2096;;;;;;;
25787;2096;;;;;;;
25807;2095;;;;;;;
25827;2093;;;;;;;
25847;2099;;;;;;;
25867;2097;;;;;;;
25887;2095;;;;;;;
25907;2092;;;;;;;
25927;2091;;;;;;;
25947;2095;;;;;;;
25967;2101;;;;;;;
25987;2087;;;;;;;
26007;2096;;;;;;;
26027;2105;;;;;;;
26047;2089;;;;;;;
26067;2097;;;;;;;
26087;2103;;;;;;;
26107;2096;;;;;;;
26127;2087;;;;;;;
26147;2099;;;;;;;
26167;2098;;;;;;;
26187;2103;;;;;;;
26207;2096;;;;;;;
26227;2097;;;;;;;
26247;2090;;;;;;;
26267;2092;;;;;;;
26287;2093;;;;;;;
26307;2103;;;;;;;
26327;2093;;;;;;;
26347;2098;;;;;;;
26367;2091;;;;;;;
26387;2110;;;;;;;
26407;2095;;;;;;;
26427;2094;;;;;;;
26447;2098;;;;;;;
26467;2101;;;;;;;
26487;2087;;;;;;;
26507;2097;;;;;;;
26527;2097;;;;;;;
26547;2098;;;;;;;
26567;2093;;;;;;;
26587;2097;;;;;;;
26607;2090;;;;;;;
26627;2093;;;;;;;
26647;2076;;;;;;;
26667;2097;;;;;;;
26687;2096;;;;;;;
26707;2089;;;;;;;
26727;2095;;;;;;;
26747;2096;;;;;;;
26767;2099;;;;;;;
26787;2103;;;;;;;
26807;2091;;;;;;;
26827;2112;;;;;;;
26847;2097;;;;;;;
26867;2096;;;;;;;
26887;2093;;;;;;;
26907;2095;;;;;;;
26927;2089;;;;;;;
26947;2094;;;;;;;
26967;2107;;;;;;;
26987;2096;;;;;;;
27007;2096;;;;;;;
27027;2093;;;;;;;
27047;2098;;;;;;;
27067;2096;;;;;;;
27087;2091;;;;;;;
27107;2093;;;;;;;
27127;2096;;;;;;;
27147;2101;;;;;;;
27167;2101;;;;;;;
27187;2099;;;;;;;
27207;2089;;;;;;;
27227;2096;;;;;;;
27247;2096;;;;;;;
27267;2098;;;;;;;
41315;2091;;;;;;;
41335;2110;;;;;;;
41355;2096;;;;;;;
41375;2087;;;;;;;
41395;2096;;;;;;;
41415;2091;;;;;;;
41435;2093;;;;;;;
41455;2103;;;;;;;
41475;2098;;;;;;;
41495;2091;;;;;;;
41515;2106;;;;;;;
41535;2097;;;;;;;
41555;2099;;;;;;;
41575;2096;;;;;;;
41595;2095;;;;;;;
41615;2093;;;;;;;
41635;2098;;;;;;;
41655;2099;;;;;;;
41675;2096;;;;;;;
41695;2105;;;;;;;
41715;2103;;;;;;;
41735;2098;;;;;;;
41755;2095;;;;;;;
41775;2086;;;;;;;
41795;2106;;;;;;;
41815;2101;;;;;;;
41835;2095;;;;;;;
41855;2112;;;;;;;
41875;2095;;;;;;;
41895;2103;;;;;;;
41915;2103;;;;;;;
41935;2093;;;;;;;
41955;2094;;;;;;;
41975;2087;;;;;;;
41995;2091;;;;;;;
42015;2096;;;;;;;
42035;2103;;;;;;;
42055;2096;;;;;;;
42075;2099;;;;;;;
42095;2094;;;;;;;
42115;2094;;;;;;;
42135;2090;;;;;;;
42155;2094;;;;;;;
42175;2110;;;;;;;
42195;2098;;;;;;;
42215;2095;;;;;;;
42235;2096;;;;;;;
42255;2101;;;;;;;
42275;2102;;;;;;;
42295;2090;;;;;;;
42315;2089;;;;;;;
42335;2087;;;;;;;
42355;2098;;;;;;;
42375;2096;;;;;;;
42395;2095;;;;;;;
42415;2098;;;;;;;
42435;2095;;;;;;;
42455;2101;;;;;;;
42475;2097;;;;;;;
42495;2090;;;;;;;
42515;2096;;;;;;;
42535;2093;;;;;;;
42555;2095;;;;;;;
42575;2098;;;;;;;
42595;2108;;;;;;;
42615;2094;;;;;;;
42635;2091;;;;;;;
42655;2098;;;;;;;
42675;2093;;;;;;;
42695;2102;;;;;;;
42715;2096;;;;;;;
42735;2096;;;;;;;
42755;2098;;;;;;;
42775;2097;;;;;;;
42795;2098;;;;;;;
42815;2100;;;;;;;
42835;2085;;;;;;;
42855;2093;;;;;;;
42875;2095;;;;;;;
42895;2103;;;;;;;
42915;2096;;;;;;;
42935;2099;;;;;;;
42955;2102;;;;;;;
42975;2096;;;;;;;
42995;2097;;;;;;;
43015;2079;;;;;;;
43035;2080;;;;;;;
43055;2087;;;;;;;
43075;2093;;;;;;;
43095;2099;;;;;;;
43115;2097;;;;;;;
43135;2096;;;;;;;
43155;2096;;;;;;;
43175;2101;;;;;;;
43195;2094;;;;;;;
43215;2093;;;;;;;
43235;2085;;;;;;;
43255;2095;;;;;;;
43275;2096;;;;;;;
43295;2112;;;;;;;
43315;2098;;;;;;;
43335;2096;;;;;;;
43355;2100;;;;;;;
43375;2109;;;;;;;
43395;2096;;;;;;;
43415;2089;;;;;;;
43435;2096;;;;;;;
43455;2090;;;;;;;
43475;2091;;;;;;;
43495;2093;;;;;;;
43515;2096;;;;;;;
43535;2083;;;;;;;
43555;2096;;;;;;;
43575;2096;;;;;;;
43595;2086;;;;;;;
43615;2103;;;;;;;
43635;2100;;;;;;;
43655;2096;;;;;;;
43675;2098;;;;;;;
43695;2099;;;;;;;
43715;2111;;;;;;;
43735;2106;;;;;;;
43755;2093;;;;;;;
43775;2102;;;;;;;
43795;2085;;;;;;;
43815;2093;;;;;;;
43835;2090;;;;;;;
43855;2095;;;;;;;
43875;2100;;;;;;;
43895;2112;;;;;;;
43915;2081;;;;;;;
43935;2095;;;;;;;
43955;2093;;;;;;;
43975;2090;;;;;;;
43995;2097;;;;;;;
44015;2093;;;;;;;
44035;2105;;;;;;;
44055;2094;;;;;;;
44075;2099;;;;;;;
44095;2099;;;;;;;
44115;2107;;;;;;;
44135;2093;;;;;;;
44155;2108;;;;;;;
44175;2105;;;;;;;
44195;2102;;;;;;;
44215;2089;;;;;;;
44235;2105;;;;;;;
44255;2105;;;;;;;
44275;2095;;;;;;;
44295;2085;;;;;;;
44315;2097;;;;;;;
44335;2092;;;;;;;
44355;2085;;;;;;;
44375;2086;;;;;;;
44395;2098;;;;;;;
44415;2092;;;;;;;
44435;2096;;;;;;;
44455;2089;;;;;;;
44475;2096;;;;;;;
44495;2095;;;;;;;
44515;2086;;;;;;;
44535;2084;;;;;;;
44555;2094;;;;;;;
44575;2093;;;;;;;
44595;2096;;;;;;;
44615;2101;;;;;;;
44635;2096;;;;;;;
44655;2096;;;;;;;
44675;2109;;;;;;;
44695;2103;;;;;;;
44715;2101;;;;;;;
44735;2096;;;;;;;
44755;2089;;;;;;;
44775;2096;;;;;;;
44795;2096;;;;;;;
44815;2107;;;;;;;
44835;2098;;;;;;;
44855;2101;;;;;;;
44875;2103;;;;;;;
44895;2086;;;;;;;
44915;2098;;;;;;;
44935;2115;;;;;;;
44955;2097;;;;;;;
44975;2096;;;;;;;
44995;2096;;;;;;;
45015;2092;;;;;;;
45035;2096;;;;;;;
45055;2096;;;;;;;
45075;2096;;;;;;;
45095;2103;;;;;;;
45115;2105;;;;;;;
45135;2079;;;;;;;
45155;2093;;;;;;;
45175;2087;;;;;;;
45195;2086;;;;;;;
45215;2090;;;;;;;
45235;2101;;;;;;;
45255;2098;;;;;;;
45275;2095;;;;;;;
45295;2096;;;;;;;
45315;2096;;;;;;;
45335;2097;;;;;;;
45355;2096;;;;;;;
45375;2092;;;;;;;
45395;2097;;;;;;;
45415;2096;;;;;;;
45435;2097;;;;;;;
45455;2096;;;;;;;
45475;2086;;;;;;;
45495;2095;;;;;;;
45515;2087;;;;;;;
45535;2098;;;;;;;
45555;2085;;;;;;;
45575;2092;;;;;;;
45595;2096;;;;;;;
45615;2096;;;;;;;
45635;2081;;;;;;;
45655;2095;;;;;;;
45675;2097;;;;;;;
45695;2107;;;;;;;
45715;2090;;;;;;;
45735;2093;;;;;;;
45755;2095;;;;;;;
45775;2095;;;;;;;
45795;2094;;;;;;;
45815;2081;;;;;;;
45835;2083;;;;;;;
45855;2090;;;;;;;
45875;2098;;;;;;;
45895;2089;;;;;;;
45915;2097;;;;;;;
45935;2097;;;;;;;
45955;2096;;;;;;;
45975;2093;;;;;;;
45995;2097;;;;;;;
46015;2091;;;;;;;
46035;2107;;;;;;;
46055;2090;;;;;;;
46075;2094;;;;;;;
46095;2087;;;;;;;
46115;2086;;;;;;;
46135;2097;;;;;;;
46155;2098;;;;;;;
46175;2091;;;;;;;
46195;2087;;;;;;;
46215;2106;;;;;;;
46235;2097;;;;;;;
46255;2096;;;;;;;
46275;2109;;;;;;;
46295;2090;;;;;;;
46315;2112;;;;;;;
46335;2099;;;;;;;
46355;2100;;;;;;;
46375;2089;;;;;;;
46395;2096;;;;;;;
46415;2097;;;;;;;
46435;2105;;;;;;;
46455;2106;;;;;;;
46475;2094;;;;;;;
46495;2095;;;;;;;
46515;2087;;;;;;;
46535;2101;;;;;;;
46555;2096;;;;;;;
46575;2087;;;;;;;
46595;2096;;;;;;;
46615;2094;;;;;;;
46635;2095;;;;;;;
46655;2098;;;;;;;
46675;2101;;;;;;;
46695;2099;;;;;;;
46715;2093;;;;;;;
46735;2112;;;;;;;
46755;2096;;;;;;;
46775;2106;;;;;;;
46795;2083;;;;;;;
46815;2096;;;;;;;
46835;2096;;;;;;;
46855;2085;;;;;;;
46875;2090;;;;;;;
46895;2099;;;;;;;
46915;2098;;;;;;;
46935;2097;;;;;;;
46955;2085;;;;;;;
46975;2085;;;;;;;
46995;2097;;;;;;;
47015;2103;;;;;;;
47035;2096;;;;;;;
47055;2090;;;;;;;
47075;2087;;;;;;;
47095;2095;;;;;;;
47115;2083;;;;;;;
47135;2096;;;;;;;
47155;2085;;;;;;;
47175;2095;;;;;;;
47195;2098;;;;;;;
47215;2099;;;;;;;
47235;2105;;;;;;;
47255;2097;;;;;;;
47275;2098;;;;;;;
47295;2111;;;;;;;
47315;2101;;;;;;;
47335;2113;;;;;;;
47355;2083;;;;;;;
47375;2095;;;;;;;
47395;2096;;;;;;;
47415;2102;;;;;;;
47435;2097;;;;;;;
47455;2096;;;;;;;
47475;2092;;;;;;;
47495;2096;;;;;;;
47515;2103;;;;;;;
47535;2095;;;;;;;
47555;2083;;;;;;;
47575;2096;;;;;;;
47595;2101;;;;;;;
47615;2091;;;;;;;
47635;2102;;;;;;;
47655;2093;;;;;;;
47675;2100;;;;;;;
47695;2096;;;;;;;
47715;2098;;;;;;;
47735;2112;;;;;;;
47755;2080;;;;;;;
47775;2083;;;;;;;
47795;2103;;;;;;;
47815;2085;;;;;;;
47835;2096;;;;;;;
47855;2105;;;;;;;
47875;2097;;;;;;;
47895;2086;;;;;;;
47915;2077;;;;;;;
47935;2094;;;;;;;
47955;2097;;;;;;;
47975;2101;;;;;;;
47995;2106;;;;;;;
48015;2097;;;;;;;
48035;2097;;;;;;;
48055;2096;;;;;;;
48075;2101;;;;;;;
48095;2085;;;;;;;
48115;2091;;;;;;;
48135;2090;;;;;;;
48155;2103;;;;;;;
48175;2087;;;;;;;
48195;2098;;;;;;;
48215;2099;;;;;;;
48235;2102;;;;;;;
48255;2110;;;;;;;
48275;2097;;;;;;;
48295;2101;;;;;;;
48315;2087;;;;;;;
48335;2096;;;;;;;
48355;2091;;;;;;;
48375;2096;;;;;;;
48395;2096;;;;;;;
48415;2090;;;;;;;
48435;2095;;;;;;;
48455;2098;;;;;;;
48475;2095;;;;;;;
48495;2087;;;;;;;
48515;2086;;;;;;;
48535;2102;;;;;;;
48555;2099;;;;;;;
48575;2097;;;;;;;
48595;2112;;;;;;;
48615;2095;;;;;;;
48635;2105;;;;;;;
48655;2090;;;;;;;
48675;2091;;;;;;;
48695;2094;;;;;;;
48715;2097;;;;;;;
48735;2112;;;;;;;
48755;2097;;;;;;;
48775;2091;;;;;;;
48795;2081;;;;;;;
48815;2100;;;;;;;
48835;2096;;;;;;;
48855;2095;;;;;;;
48875;2090;;;;;;;
48895;2085;;;;;;;
48915;2104;;;;;;;
48935;2096;;;;;;;
48955;2093;;;;;;;
48975;2083;;;;;;;
48995;2091;;;;;;;
49015;2092;;;;;;;
49035;2095;;;;;;;
49055;2105;;;;;;;
49075;2098;;;;;;;
49095;2099;;;;;;;
49115;2087;;;;;;;
49135;2094;;;;;;;
49155;2096;;;;;;;
49175;2079;;;;;;;
49195;2090;;;;;;;
49215;2094;;;;;;;
49235;2087;;;;;;;
49255;2102;;;;;;;
49275;2109;;;;;;;
49295;2091;;;;;;;
49315;2106;;;;;;;
49335;2096;;;;;;;
49355;2083;;;;;;;
49375;2084;;;;;;;
49395;2099;;;;;;;
49415;2092;;;;;;;
49435;2098;;;;;;;
49455;2105;;;;;;;
49475;2096;;;;;;;
49495;2101;;;;;;;
49515;2099;;;;;;;
49535;2091;;;;;;;
49555;2091;;;;;;;
49575;2100;;;;;;;
49595;2086;;;;;;;
49615;2090;;;;;;;
49635;2099;;;;;;;
49655;2093;;;;;;;
49675;2093;;;;;;;
49695;2090;;;;;;;
49715;2090;;;;;;;
49735;2087;;;;;;;
49755;2096;;;;;;;
49775;2106;;;;;;;
49795;2095;;;;;;;
49815;2082;;;;;;;
49835;2090;;;;;;;
49855;2099;;;;;;;
49875;2081;;;;;;;
49895;2095;;;;;;;
49915;2091;;;;;;;
49935;2096;;;;;;;
49955;2096;;;;;;;
49975;2111;;;;;;;
49995;2089;;;;;;;
50015;2092;;;;;;;
50035;2094;;;;;;;
50055;2097;;;;;;;
50075;2095;;;;;;;
50095;2102;;;;;;;
50115;2096;;;;;;;
50135;2094;;;;;;;
50155;2102;;;;;;;
50175;2090;;;;;;;
50195;2082;;;;;;;
50215;2089;;;;;;;
50235;2101;;;;;;;
50255;2088;;;;;;;
50275;2095;;;;;;;
50295;2094;;;;;;;
50315;2099;;;;;;;
50335;2099;;;;;;;
50355;2101;;;;;;;
50375;2091;;;;;;;
50395;2100;;;;;;;
50415;2096;;;;;;;
50435;2099;;;;;;;
50455;2095;;;;;;;
50475;2095;;;;;;;
50495;2081;;;;;;;
50515;2096;;;;;;;
50535;2097;;;;;;;
50555;2106;;;;;;;
50575;2099;;;;;;;
50595;2083;;;;;;;
50615;2098;;;;;;;
50635;2100;;;;;;;
50655;2108;;;;;;;
50675;2086;;;;;;;
50695;2094;;;;;;;
50715;2099;;;;;;;
50735;2099;;;;;;;
50755;2090;;;;;;;
50775;2099;;;;;;;
50795;2087;;;;;;;
50815;2098;;;;;;;
50835;2098;;;;;;;
50855;2103;;;;;;;
50875;2089;;;;;;;
50895;2095;;;;;;;
50915;2093;;;;;;;
50935;2092;;;;;;;
50955;2107;;;;;;;
50975;2091;;;;;;;
50995;2096;;;;;;;
51015;2096;;;;;;;
51035;2103;;;;;;;
51055;2083;;;;;;;
51075;2092;;;;;;;
51095;2095;;;;;;;
51115;2098;;;;;;;
51135;2096;;;;;;;
51155;2100;;;;;;;
51175;2099;;;;;;;
51195;2091;;;;;;;
51215;2097;;;;;;;
51235;2102;;;;;;;
51255;2095;;;;;;;
51275;2096;;;;;;;
51295;2096;;;;;;;
51315;2095;;;;;;;
51335;2091;;;;;;;
51355;2097;;;;;;;
51375;2094;;;;;;;
51395;2106;;;;;;;
51415;2097;;;;;;;
51435;2095;;;;;;;
51455;2087;;;;;;;
51475;2096;;;;;;;
51495;2099;;;;;;;
51515;2095;;;;;;;
51535;2096;;;;;;;
51555;2095;;;;;;;
51575;2096;;;;;;;
51595;2094;;;;;;;
51615;2096;;;;;;;
51635;2094;;;;;;;
51655;2107;;;;;;;
51675;2089;;;;;;;
51695;2100;;;;;;;
51715;2102;;;;;;;
51735;2095;;;;;;;
51755;2097;;;;;;;
51775;2090;;;;;;;
51795;2103;;;;;;;
51815;2096;;;;;;;
51835;2101;;;;;;;
51855;2097;;;;;;;
51875;2097;;;;;;;
51895;2103;;;;;;;
51915;2098;;;;;;;
51935;2096;;;;;;;
51955;2098;;;;;;;
51975;2097;;;;;;;
51995;2095;;;;;;;
52015;2095;;;;;;;
52035;2105;;;;;;;
52055;2109;;;;;;;
52075;2096;;;;;;;
52095;2093;;;;;;;
52115;2091;;;;;;;
52135;2094;;;;;;;
52155;2111;;;;;;;
52175;2100;;;;;;;
52195;2097;;;;;;;
52215;2098;;;;;;;
52235;2102;;;;;;;
52255;2098;;;;;;;
52275;2099;;;;;;;
52295;2082;;;;;;;
52315;2097;;;;;;;
52335;2095;;;;;;;
52355;2096;;;;;;;
52375;2096;;;;;;;
52395;2102;;;;;;;
52415;2095;;;;;;;
52435;2095;;;;;;;
52455;2096;;;;;;;
52475;2101;;;;;;;
52495;2091;;;;;;;
52515;2101;;;;;;;
52535;2096;;;;;;;
52555;2096;;;;;;;
52575;2100;;;;;;;
52595;2092;;;;;;;
52615;2096;;;;;;;
52635;2097;;;;;;;
52655;2101;;;;;;;
52675;2096;;;;;;;
52695;2099;;;;;;;
52715;2096;;;;;;;
52735;2097;;;;;;;
52755;2096;;;;;;;
52775;2097;;;;;;;
52795;2094;;;;;;;
52815;2097;;;;;;;
52835;2102;;;;;;;
52855;2098;;;;;;;
52875;2096;;;;;;;
52895;2096;;;;;;;
52915;2097;;;;;;;
52935;2103;;;;;;;
52955;2095;;;;;;;
52975;2099;;;;;;;
52995;2095;;;;;;;
53015;2075;;;;;;;
53035;2096;;;;;;;
53055;2094;;;;;;;
53075;2097;;;;;;;
53095;2096;;;;;;;
53115;2095;;;;;;;
53135;2094;;;;;;;
53155;2096;;;;;;;
53175;2097;;;;;;;
53195;2097;;;;;;;
53215;2085;;;;;;;
53235;2096;;;;;;;
53255;2087;;;;;;;
53275;2100;;;;;;;
53295;2094;;;;;;;
53315;2106;;;;;;;
53335;2080;;;;;;;
53355;2100;;;;;;;
53375;2096;;;;;;;
53395;2099;;;;;;;
53415;2098;;;;;;;
53435;2101;;;;;;;
53455;2095;;;;;;;
53475;2101;;;;;;;
53495;2101;;;;;;;
53515;2095;;;;;;;
53535;2097;;;;;;;
53555;2087;;;;;;;
53575;2100;;;;;;;
53595;2101;;;;;;;
53615;2096;;;;;;;
53635;2097;;;;;;;
53655;2103;;;;;;;
53675;2103;;;;;;;
53695;2101;;;;;;;
53715;2106;;;;;;;
53735;2097;;;;;;;
53755;2093;;;;;;;
53775;2099;;;;;;;
53795;2096;;;;;;;
53815;2095;;;;;;;
53835;2093;;;;;;;
53855;2097;;;;;;;
53875;2100;;;;;;;
53895;2102;;;;;;;
53915;2097;;;;;;;
53935;2094;;;;;;;
53955;2093;;;;;;;
53975;2095;;;;;;;
53995;2112;;;;;;;
54015;2096;;;;;;;
54035;2094;;;;;;;
54055;2099;;;;;;;
54075;2089;;;;;;;
54095;2092;;;;;;;
54115;2094;;;;;;;
54135;2094;;;;;;;
54155;2093;;;;;;;
54175;2089;;;;;;;
54195;2106;;;;;;;
54215;2090;;;;;;;
54235;2086;;;;;;;
54255;2093;;;;;;;
54275;2096;;;;;;;
54295;2101;;;;;;;
54315;2103;;;;;;;
54335;2103;;;;;;;
54355;2103;;;;;;;
54375;2096;;;;;;;
54395;2096;;;;;;;
54415;2090;;;;;;;
54435;2091;;;;;;;
54455;2096;;;;;;;
54475;2095;;;;;;;
54495;2099;;;;;;;
54515;2096;;;;;;;
54535;2096;;;;;;;
54555;2113;;;;;;;
54575;2105;;;;;;;
54595;2099;;;;;;;
54615;2102;;;;;;;
54635;2098;;;;;;;
54655;2099;;;;;;;
54675;2101;;;;;;;
54695;2096;;;;;;;
54715;2094;;;;;;;
54735;2105;;;;;;;
54755;2096;;;;;;;
54775;2102;;;;;;;
54795;2091;;;;;;;
54815;2096;;;;;;;
54835;2096;;;;;;;
54855;2097;;;;;;;
54875;2101;;;;;;;
54895;2087;;;;;;;
54915;2096;;;;;;;
54935;2093;;;;;;;
54955;2099;;;;;;;
54975;2096;;;;;;;
54995;2092;;;;;;;
55015;2096;;;;;;;
55035;2102;;;;;;;
55055;2105;;;;;;;
55075;2096;;;;;;;
55095;2095;;;;;;;
55115;2099;;;;;;;
55135;2091;;;;;;;
55155;2105;;;;;;;
55175;2092;;;;;;;
55195;2093;;;;;;;
55215;2096;;;;;;;
55235;2097;;;;;;;
55255;2096;;;;;;;
55275;2096;;;;;;;
55295;2103;;;;;;;
55315;2102;;;;;;;
55335;2101;;;;;;;
55355;2096;;;;;;;
55375;2091;;;;;;;
55395;2096;;;;;;;
55415;2091;;;;;;;
55435;2094;;;;;;;
55455;2085;;;;;;;
55475;2096;;;;;;;
55495;2096;;;;;;;
55515;2093;;;;;;;
55535;2105;;;;;;;
55555;2105;;;;;;;
55575;2097;;;;;;;
55595;2099;;;;;;;
55615;2106;;;;;;;
55635;2097;;;;;;;
55655;2096;;;;;;;
55675;2096;;;;;;;
55695;2094;;;;;;;
55715;2105;;;;;;;
55735;2091;;;;;;;
55755;2101;;;;;;;
55775;2087;;;;;;;
55795;2099;;;;;;;
55815;2096;;;;;;;
55835;2098;;;;;;;
55855;2096;;;;;;;
55875;2099;;;;;;;
55895;2097;;;;;;;
55915;2093;;;;;;;
55935;2109;;;;;;;
55955;2081;;;;;;;
55975;2085;;;;;;;
55995;2096;;;;;;;
56015;2095;;;;;;;
56035;2093;;;;;;;
56055;2093;;;;;;;
56075;2086;;;;;;;
56095;2107;;;;;;;
56115;2089;;;;;;;
56135;2091;;;;;;;
56155;2106;;;;;;;
56175;2095;;;;;;;
56195;2096;;;;;;;
56215;2105;;;;;;;
56235;2089;;;;;;;
56255;2102;;;;;;;
56275;2087;;;;;;;
56295;2096;;;;;;;
56315;2096;;;;;;;
56335;2095;;;;;;;
56355;2103;;;;;;;
56375;2096;;;;;;;
56395;2096;;;;;;;
56415;2093;;;;;;;
56435;2097;;;;;;;
56455;2093;;;;;;;
56475;2096;;;;;;;
56495;2110;;;;;;;
56515;2091;;;;;;;
56535;2099;;;;;;;
56555;2082;;;;;;;
56575;2085;;;;;;;
56595;2095;;;;;;;
56615;2097;;;;;;;
56635;2101;;;;;;;
56655;2099;;;;;;;
56675;2087;;;;;;;
56695;2091;;;;;;;
56715;2097;;;;;;;
56735;2098;;;;;;;
56755;2091;;;;;;;
56775;2096;;;;;;;
56795;2096;;;;;;;
56815;2105;;;;;;;
56835;2099;;;;;;;
56855;2096;;;;;;;
56875;2096;;;;;;;
56895;2095;;;;;;;
56915;2091;;;;;;;
56935;2092;;;;;;;
56955;2096;;;;;;;
56975;2096;;;;;;;
56995;2101;;;;;;;
57015;2096;;;;;;;
57035;2095;;;;;;;
57055;2096;;;;;;;
57075;2097;;;;;;;
57095;2096;;;;;;;
57115;2081;;;;;;;
57135;2087;;;;;;;
57155;2096;;;;;;;
57175;2097;;;;;;;
57195;2098;;;;;;;
57215;2098;;;;;;;
57235;2093;;;;;;;
57255;2086;;;;;;;
57275;2102;;;;;;;
57295;2095;;;;;;;
57315;2090;;;;;;;
57335;2094;;;;;;;
57355;2096;;;;;;;
57375;2106;;;;;;;
57395;2086;;;;;;;
57415;2091;;;;;;;
57435;2095;;;;;;;
57455;2091;;;;;;;
57475;2096;;;;;;;
57495;2093;;;;;;;
57515;2095;;;;;;;
57535;2090;;;;;;;
57555;2100;;;;;;;
57575;2095;;;;;;;
57595;2083;;;;;;;
57615;2105;;;;;;;
57635;2095;;;;;;;
57655;2096;;;;;;;
57675;2086;;;;;;;
57695;2099;;;;;;;
57715;2098;;;;;;;
57735;2090;;;;;;;
57755;2097;;;;;;;
57775;2106;;;;;;;
57795;2098;;;;;;;
57815;2096;;;;;;;
57835;2095;;;;;;;
57855;2096;;;;;;;
57875;2102;;;;;;;
57895;2101;;;;;;;
57915;2095;;;;;;;
57935;2100;;;;;;;
57955;2093;;;;;;;
57975;2099;;;;;;;
57995;2096;;;;;;;
58015;2099;;;;;;;
58035;2102;;;;;;;
58055;2099;;;;;;;
58075;2096;;;;;;;
58095;2092;;;;;;;
58115;2095;;;;;;;
58135;2096;;;;;;;
58155;2101;;;;;;;
58175;2099;;;;;;;
58195;2099;;;;;;;
58215;2096;;;;;;;
58235;2111;;;;;;;
58255;2089;;;;;;;
58275;2096;;;;;;;
58295;2096;;;;;;;
58315;2090;;;;;;;
58335;2098;;;;;;;
58355;2090;;;;;;;
58375;2103;;;;;;;
58395;2096;;;;;;;
58415;2109;;;;;;;
58435;2098;;;;;;;
58455;2102;;;;;;;
58475;2097;;;;;;;
58495;2089;;;;;;;
58515;2099;;;;;;;
58535;2095;;;;;;;
58555;2096;;;;;;;
58575;2102;;;;;;;
58595;2101;;;;;;;
58615;2096;;;;;;;
58635;2096;;;;;;;
58655;2096;;;;;;;
58675;2099;;;;;;;
58695;2102;;;;;;;
58715;2096;;;;;;;
58735;2095;;;;;;;
58755;2091;;;;;;;
58775;2075;;;;;;;
58795;2099;;;;;;;
58815;2097;;;;;;;
58835;2096;;;;;;;
58855;2097;;;;;;;
58875;2089;;;;;;;
58895;2092;;;;;;;
58915;2093;;;;;;;
58935;2095;;;;;;;
58955;2093;;;;;;;
58975;2093;;;;;;;
58995;2099;;;;;;;
59015;2095;;;;;;;
59035;2088;;;;;;;
59055;2106;;;;;;;
59075;2097;;;;;;;
59095;2096;;;;;;;
59115;2097;;;;;;;
59135;2095;;;;;;;
59155;2092;;;;;;;
59175;2092;;;;;;;
59195;2095;;;;;;;
59215;2096;;;;;;;
59235;2096;;;;;;;
59255;2087;;;;;;;
59275;2103;;;;;;;
59295;2087;;;;;;;
59315;2095;;;;;;;
59335;2097;;;;;;;
59355;2083;;;;;;;
59375;2103;;;;;;;
59395;2110;;;;;;;
59415;2103;;;;;;;
59435;2097;;;;;;;
59455;2096;;;;;;;
59475;2089;;;;;;;
59495;2096;;;;;;;
59515;2096;;;;;;;
59535;2096;;;;;;;
59555;2091;;;;;;;
59575;2101;;;;;;;
59595;2096;;;;;;;
59615;2096;;;;;;;
59635;2087;;;;;;;
59655;2106;;;;;;;
59675;2094;;;;;;;
59695;2097;;;;;;;
59715;2089;;;;;;;
59735;2089;;;;;;;
59755;2092;;;;;;;
59775;2097;;;;;;;
59795;2099;;;;;;;
59815;2101;;;;;;;
59835;2096;;;;;;;
59855;2099;;;;;;;
59875;2097;;;;;;;
59895;2096;;;;;;;
59915;2100;;;;;;;
59935;2090;;;;;;;
59955;2105;;;;;;;
59975;2096;;;;;;;
59995;2097;;;;;;;
60015;2090;;;;;;;
60035;2095;;;;;;;
60055;2097;;;;;;;
60075;2093;;;;;;;
60095;2100;;;;;;;
60115;2099;;;;;;;
60135;2103;;;;;;;
60155;2096;;;;;;;
60175;2107;;;;;;;
60195;2101;;;;;;;
60215;2090;;;;;;;
60235;2096;;;;;;;
60255;2089;;;;;;;
60275;2082;;;;;;;
60295;2097;;;;;;;
60315;2096;;;;;;;
60335;2098;;;;;;;
60355;2092;;;;;;;
60375;2096;;;;;;;
60395;2083;;;;;;;
60415;2096;;;;;;;
60435;2097;;;;;;;
60455;2091;;;;;;;
60475;2093;;;;;;;
60495;2099;;;;;;;
60515;2096;;;;;;;
60535;2096;;;;;;;
60555;2105;;;;;;;
60575;2096;;;;;;;
60595;2100;;;;;;;
60615;2087;;;;;;;
60635;2093;;;;;;;
60655;2094;;;;;;;
60675;2086;;;;;;;
60695;2105;;;;;;;
60715;2101;;;;;;;
60735;2099;;;;;;;
60755;2096;;;;;;;
60775;2093;;;;;;;
60795;2107;;;;;;;
60815;2103;;;;;;;
60835;2091;;;;;;;
60855;2087;;;;;;;
60875;2083;;;;;;;
60895;2102;;;;;;;
60915;2093;;;;;;;
60935;2096;;;;;;;
60955;2095;;;;;;;
60975;2096;;;;;;;
60995;2109;;;;;;;
61015;2101;;;;;;;
61035;2099;;;;;;;
61055;2096;;;;;;;
61075;2096;;;;;;;
61095;2097;;;;;;;
61115;2090;;;;;;;
61135;2095;;;;;;;
61155;2091;;;;;;;
61175;2106;;;;;;;
61195;2096;;;;;;;
61215;2101;;;;;;;
61235;2105;;;;;;;
61255;2105;;;;;;;
61275;2099;;;;;;;
61295;2096;;;;;;;
61315;2096;;;;;;;
61335;2102;;;;;;;
