"Time";"Sensor_Raw";"Voltage";"Distance_mm";"Label";"Q1";"Q3";"IQR";"Lower_Bound";"Upper_Bound"
"21:44:29.999";"3025";"2438";"0";"0cm";"3018,50";"3024,00";"5,50";"3010,250";"3032,250"
"21:44:30.499";"3021";"2435";"0";"0cm";"3018,50";"3024,00";"5,50";"3010,250";"3032,250"
"21:44:30.998";"3017";"2431";"0";"0cm";"3018,50";"3024,00";"5,50";"3010,250";"3032,250"
"21:44:31.499";"3023";"2436";"0";"0cm";"3018,50";"3024,00";"5,50";"3010,250";"3032,250"
"21:44:31.998";"3026";"2439";"0";"0cm";"3018,50";"3024,00";"5,50";"3010,250";"3032,250"
"21:44:32.499";"3027";"2439";"0";"0cm";"3018,50";"3024,00";"5,50";"3010,250";"3032,250"
"21:44:32.998";"3025";"2438";"0";"0cm";"3018,50";"3024,00";"5,50";"3010,250";"3032,250"
"21:44:33.499";"3024";"2437";"0";"0cm";"3018,50";"3024,00";"5,50";"3010,250";"3032,250"
"21:44:33.999";"3022";"2435";"0";"0cm";"3018,50";"3024,00";"5,50";"3010,250";"3032,250"
"21:44:34.499";"3024";"2437";"0";"0cm";"3018,50";"3024,00";"5,50";"3010,250";"3032,250"
"21:44:34.999";"3024";"2437";"0";"0cm";"3018,50";"3024,00";"5,50";"3010,250";"3032,250"
"21:44:35.499";"3018";"2432";"0";"0cm";"3018,50";"3024,00";"5,50";"3010,250";"3032,250"
"21:44:35.999";"3022";"2435";"0";"0cm";"3018,50";"3024,00";"5,50";"3010,250";"3032,250"
"21:44:36.499";"3021";"2435";"0";"0cm";"3018,50";"3024,00";"5,50";"3010,250";"3032,250"
"21:44:36.999";"3024";"2437";"0";"0cm";"3018,50";"3024,00";"5,50";"3010,250";"3032,250"
"21:44:37.499";"3019";"2433";"0";"0cm";"3018,50";"3024,00";"5,50";"3010,250";"3032,250"
"21:44:37.999";"3023";"2436";"0";"0cm";"3018,50";"3024,00";"5,50";"3010,250";"3032,250"
"21:44:38.498";"3018";"2432";"0";"0cm";"3018,50";"3024,00";"5,50";"3010,250";"3032,250"
"21:44:38.999";"3014";"2429";"0";"0cm";"3018,50";"3024,00";"5,50";"3010,250";"3032,250"
"21:44:39.499";"3023";"2436";"0";"0cm";"3018,50";"3024,00";"5,50";"3010,250";"3032,250"
"21:44:39.999";"3023";"2436";"0";"0cm";"3018,50";"3024,00";"5,50";"3010,250";"3032,250"
"21:44:40.498";"3019";"2433";"0";"0cm";"3018,50";"3024,00";"5,50";"3010,250";"3032,250"
"21:44:41.499";"3024";"2437";"0";"0cm";"3018,50";"3024,00";"5,50";"3010,250";"3032,250"
"21:44:41.999";"3023";"2436";"0";"0cm";"3018,50";"3024,00";"5,50";"3010,250";"3032,250"
"21:44:42.499";"3019";"2433";"0";"0cm";"3018,50";"3024,00";"5,50";"3010,250";"3032,250"
"21:44:42.999";"3024";"2437";"0";"0cm";"3018,50";"3024,00";"5,50";"3010,250";"3032,250"
"21:44:43.498";"3014";"2429";"0";"0cm";"3018,50";"3024,00";"5,50";"3010,250";"3032,250"
"21:44:43.999";"3015";"2430";"0";"0cm";"3018,50";"3024,00";"5,50";"3010,250";"3032,250"
"21:44:44.499";"3019";"2433";"0";"0cm";"3018,50";"3024,00";"5,50";"3010,250";"3032,250"
"21:44:44.999";"3022";"2435";"0";"0cm";"3018,50";"3024,00";"5,50";"3010,250";"3032,250"
"21:44:45.499";"3021";"2435";"0";"0cm";"3018,50";"3024,00";"5,50";"3010,250";"3032,250"
"21:44:45.999";"3024";"2437";"0";"0cm";"3018,50";"3024,00";"5,50";"3010,250";"3032,250"
"21:44:46.499";"3024";"2437";"0";"0cm";"3018,50";"3024,00";"5,50";"3010,250";"3032,250"
"21:44:46.999";"3023";"2436";"0";"0cm";"3018,50";"3024,00";"5,50";"3010,250";"3032,250"
"21:44:47.499";"3019";"2433";"0";"0cm";"3018,50";"3024,00";"5,50";"3010,250";"3032,250"
"21:44:47.998";"3019";"2433";"0";"0cm";"3018,50";"3024,00";"5,50";"3010,250";"3032,250"
"21:44:48.499";"3014";"2429";"0";"0cm";"3018,50";"3024,00";"5,50";"3010,250";"3032,250"
"21:44:48.999";"3028";"2440";"0";"0cm";"3018,50";"3024,00";"5,50";"3010,250";"3032,250"
"21:44:49.498";"3023";"2436";"0";"0cm";"3018,50";"3024,00";"5,50";"3010,250";"3032,250"
"21:44:49.999";"3019";"2433";"0";"0cm";"3018,50";"3024,00";"5,50";"3010,250";"3032,250"
"21:44:50.499";"3024";"2437";"0";"0cm";"3018,50";"3024,00";"5,50";"3010,250";"3032,250"
"21:44:50.999";"3021";"2435";"0";"0cm";"3018,50";"3024,00";"5,50";"3010,250";"3032,250"
"21:44:51.499";"3024";"2437";"0";"0cm";"3018,50";"3024,00";"5,50";"3010,250";"3032,250"
"21:44:51.999";"3019";"2433";"0";"0cm";"3018,50";"3024,00";"5,50";"3010,250";"3032,250"
"21:44:52.499";"3024";"2437";"0";"0cm";"3018,50";"3024,00";"5,50";"3010,250";"3032,250"
"21:44:53.499";"3023";"2436";"0";"0cm";"3018,50";"3024,00";"5,50";"3010,250";"3032,250"
"21:44:54.499";"3020";"2434";"0";"0cm";"3018,50";"3024,00";"5,50";"3010,250";"3032,250"
"21:44:54.999";"3012";"2427";"0";"0cm";"3018,50";"3024,00";"5,50";"3010,250";"3032,250"
"21:44:55.499";"3014";"2429";"0";"0cm";"3018,50";"3024,00";"5,50";"3010,250";"3032,250"
"21:44:55.999";"3023";"2436";"0";"0cm";"3018,50";"3024,00";"5,50";"3010,250";"3032,250"
"21:44:56.499";"3024";"2437";"0";"0cm";"3018,50";"3024,00";"5,50";"3010,250";"3032,250"
"21:44:56.999";"3019";"2433";"0";"0cm";"3018,50";"3024,00";"5,50";"3010,250";"3032,250"
"21:44:57.499";"3014";"2429";"0";"0cm";"3018,50";"3024,00";"5,50";"3010,250";"3032,250"
"21:44:57.999";"3019";"2433";"0";"0cm";"3018,50";"3024,00";"5,50";"3010,250";"3032,250"
"21:44:58.499";"3020";"2434";"0";"0cm";"3018,50";"3024,00";"5,50";"3010,250";"3032,250"
"21:44:58.999";"3014";"2429";"0";"0cm";"3018,50";"3024,00";"5,50";"3010,250";"3032,250"
"21:44:59.500";"3024";"2437";"0";"0cm";"3018,50";"3024,00";"5,50";"3010,250";"3032,250"
"21:44:59.999";"3023";"2436";"0";"0cm";"3018,50";"3024,00";"5,50";"3010,250";"3032,250"
"21:45:00.499";"3013";"2428";"0";"0cm";"3018,50";"3024,00";"5,50";"3010,250";"3032,250"
"21:45:01.499";"3015";"2430";"0";"0cm";"3018,50";"3024,00";"5,50";"3010,250";"3032,250"
"21:45:04.499";"3023";"2436";"0";"0cm";"3018,50";"3024,00";"5,50";"3010,250";"3032,250"
"21:45:04.999";"3019";"2433";"0";"0cm";"3018,50";"3024,00";"5,50";"3010,250";"3032,250"
"22:22:35.037";"2304";"1857";"10";"1cm";"2374,75";"2434,25";"59,50";"2285,500";"2523,500"
"22:22:35.536";"2318";"1868";"10";"1cm";"2374,75";"2434,25";"59,50";"2285,500";"2523,500"
"22:22:36.036";"2289";"1845";"10";"1cm";"2374,75";"2434,25";"59,50";"2285,500";"2523,500"
"22:22:36.536";"2310";"1862";"10";"1cm";"2374,75";"2434,25";"59,50";"2285,500";"2523,500"
"22:22:37.036";"2289";"1845";"10";"1cm";"2374,75";"2434,25";"59,50";"2285,500";"2523,500"
"22:22:37.536";"2300";"1853";"10";"1cm";"2374,75";"2434,25";"59,50";"2285,500";"2523,500"
"22:22:38.036";"2288";"1844";"10";"1cm";"2374,75";"2434,25";"59,50";"2285,500";"2523,500"
"22:22:38.536";"2289";"1845";"10";"1cm";"2374,75";"2434,25";"59,50";"2285,500";"2523,500"
"22:22:39.035";"2331";"1878";"10";"1cm";"2374,75";"2434,25";"59,50";"2285,500";"2523,500"
"22:22:39.535";"2373";"1912";"10";"1cm";"2374,75";"2434,25";"59,50";"2285,500";"2523,500"
"22:22:40.036";"2474";"1994";"10";"1cm";"2374,75";"2434,25";"59,50";"2285,500";"2523,500"
"22:22:40.537";"2370";"1910";"10";"1cm";"2374,75";"2434,25";"59,50";"2285,500";"2523,500"
"22:22:41.036";"2512";"2024";"10";"1cm";"2374,75";"2434,25";"59,50";"2285,500";"2523,500"
"22:22:41.537";"2477";"1996";"10";"1cm";"2374,75";"2434,25";"59,50";"2285,500";"2523,500"
"22:22:42.036";"2437";"1964";"10";"1cm";"2374,75";"2434,25";"59,50";"2285,500";"2523,500"
"22:22:42.537";"2479";"1998";"10";"1cm";"2374,75";"2434,25";"59,50";"2285,500";"2523,500"
"22:22:44.536";"2459";"1982";"10";"1cm";"2374,75";"2434,25";"59,50";"2285,500";"2523,500"
"22:22:45.036";"2432";"1960";"10";"1cm";"2374,75";"2434,25";"59,50";"2285,500";"2523,500"
"22:22:45.536";"2427";"1956";"10";"1cm";"2374,75";"2434,25";"59,50";"2285,500";"2523,500"
"22:22:46.035";"2415";"1946";"10";"1cm";"2374,75";"2434,25";"59,50";"2285,500";"2523,500"
"22:22:46.536";"2420";"1950";"10";"1cm";"2374,75";"2434,25";"59,50";"2285,500";"2523,500"
"22:22:47.036";"2443";"1969";"10";"1cm";"2374,75";"2434,25";"59,50";"2285,500";"2523,500"
"22:22:47.536";"2418";"1949";"10";"1cm";"2374,75";"2434,25";"59,50";"2285,500";"2523,500"
"22:22:48.036";"2366";"1907";"10";"1cm";"2374,75";"2434,25";"59,50";"2285,500";"2523,500"
"22:22:48.537";"2343";"1888";"10";"1cm";"2374,75";"2434,25";"59,50";"2285,500";"2523,500"
"22:22:49.036";"2334";"1881";"10";"1cm";"2374,75";"2434,25";"59,50";"2285,500";"2523,500"
"22:22:49.536";"2340";"1886";"10";"1cm";"2374,75";"2434,25";"59,50";"2285,500";"2523,500"
"22:22:50.037";"2336";"1882";"10";"1cm";"2374,75";"2434,25";"59,50";"2285,500";"2523,500"
"22:22:50.536";"2349";"1893";"10";"1cm";"2374,75";"2434,25";"59,50";"2285,500";"2523,500"
"22:22:51.036";"2345";"1890";"10";"1cm";"2374,75";"2434,25";"59,50";"2285,500";"2523,500"
"22:22:51.536";"2346";"1891";"10";"1cm";"2374,75";"2434,25";"59,50";"2285,500";"2523,500"
"22:22:52.036";"2352";"1895";"10";"1cm";"2374,75";"2434,25";"59,50";"2285,500";"2523,500"
"22:22:52.536";"2352";"1895";"10";"1cm";"2374,75";"2434,25";"59,50";"2285,500";"2523,500"
"22:22:53.036";"2354";"1897";"10";"1cm";"2374,75";"2434,25";"59,50";"2285,500";"2523,500"
"22:22:53.536";"2352";"1895";"10";"1cm";"2374,75";"2434,25";"59,50";"2285,500";"2523,500"
"22:22:54.037";"2352";"1895";"10";"1cm";"2374,75";"2434,25";"59,50";"2285,500";"2523,500"
"22:22:54.536";"2348";"1892";"10";"1cm";"2374,75";"2434,25";"59,50";"2285,500";"2523,500"
"22:22:55.037";"2350";"1894";"10";"1cm";"2374,75";"2434,25";"59,50";"2285,500";"2523,500"
"22:22:55.536";"2335";"1882";"10";"1cm";"2374,75";"2434,25";"59,50";"2285,500";"2523,500"
"22:22:56.037";"2347";"1891";"10";"1cm";"2374,75";"2434,25";"59,50";"2285,500";"2523,500"
"22:22:56.536";"2371";"1911";"10";"1cm";"2374,75";"2434,25";"59,50";"2285,500";"2523,500"
"22:22:57.036";"2365";"1906";"10";"1cm";"2374,75";"2434,25";"59,50";"2285,500";"2523,500"
"22:22:57.536";"2367";"1907";"10";"1cm";"2374,75";"2434,25";"59,50";"2285,500";"2523,500"
"22:22:58.036";"2381";"1919";"10";"1cm";"2374,75";"2434,25";"59,50";"2285,500";"2523,500"
"22:22:58.537";"2368";"1908";"10";"1cm";"2374,75";"2434,25";"59,50";"2285,500";"2523,500"
"22:22:59.036";"2416";"1947";"10";"1cm";"2374,75";"2434,25";"59,50";"2285,500";"2523,500"
"22:22:59.537";"2415";"1946";"10";"1cm";"2374,75";"2434,25";"59,50";"2285,500";"2523,500"
"22:23:00.037";"2407";"1940";"10";"1cm";"2374,75";"2434,25";"59,50";"2285,500";"2523,500"
"22:23:00.537";"2409";"1941";"10";"1cm";"2374,75";"2434,25";"59,50";"2285,500";"2523,500"
"22:23:01.037";"2396";"1931";"10";"1cm";"2374,75";"2434,25";"59,50";"2285,500";"2523,500"
"22:23:01.537";"2414";"1945";"10";"1cm";"2374,75";"2434,25";"59,50";"2285,500";"2523,500"
"22:23:02.037";"2400";"1934";"10";"1cm";"2374,75";"2434,25";"59,50";"2285,500";"2523,500"
"22:23:02.537";"2390";"1926";"10";"1cm";"2374,75";"2434,25";"59,50";"2285,500";"2523,500"
"22:23:03.037";"2397";"1932";"10";"1cm";"2374,75";"2434,25";"59,50";"2285,500";"2523,500"
"22:23:03.536";"2402";"1936";"10";"1cm";"2374,75";"2434,25";"59,50";"2285,500";"2523,500"
"22:23:04.037";"2414";"1945";"10";"1cm";"2374,75";"2434,25";"59,50";"2285,500";"2523,500"
"22:23:04.537";"2403";"1936";"10";"1cm";"2374,75";"2434,25";"59,50";"2285,500";"2523,500"
"22:23:05.037";"2402";"1936";"10";"1cm";"2374,75";"2434,25";"59,50";"2285,500";"2523,500"
"22:23:05.537";"2412";"1944";"10";"1cm";"2374,75";"2434,25";"59,50";"2285,500";"2523,500"
"22:23:06.037";"2397";"1932";"10";"1cm";"2374,75";"2434,25";"59,50";"2285,500";"2523,500"
"22:23:06.537";"2415";"1946";"10";"1cm";"2374,75";"2434,25";"59,50";"2285,500";"2523,500"
"22:23:07.037";"2402";"1936";"10";"1cm";"2374,75";"2434,25";"59,50";"2285,500";"2523,500"
"22:23:07.537";"2416";"1947";"10";"1cm";"2374,75";"2434,25";"59,50";"2285,500";"2523,500"
"22:23:08.037";"2416";"1947";"10";"1cm";"2374,75";"2434,25";"59,50";"2285,500";"2523,500"
"22:23:08.538";"2406";"1939";"10";"1cm";"2374,75";"2434,25";"59,50";"2285,500";"2523,500"
"22:23:09.037";"2367";"1907";"10";"1cm";"2374,75";"2434,25";"59,50";"2285,500";"2523,500"
"22:23:09.538";"2384";"1921";"10";"1cm";"2374,75";"2434,25";"59,50";"2285,500";"2523,500"
"22:23:10.037";"2368";"1908";"10";"1cm";"2374,75";"2434,25";"59,50";"2285,500";"2523,500"
"22:23:10.537";"2353";"1896";"10";"1cm";"2374,75";"2434,25";"59,50";"2285,500";"2523,500"
"22:23:11.037";"2374";"1913";"10";"1cm";"2374,75";"2434,25";"59,50";"2285,500";"2523,500"
"22:23:11.537";"2335";"1882";"10";"1cm";"2374,75";"2434,25";"59,50";"2285,500";"2523,500"
"22:23:12.037";"2375";"1914";"10";"1cm";"2374,75";"2434,25";"59,50";"2285,500";"2523,500"
"22:23:12.538";"2357";"1899";"10";"1cm";"2374,75";"2434,25";"59,50";"2285,500";"2523,500"
"22:23:13.037";"2353";"1896";"10";"1cm";"2374,75";"2434,25";"59,50";"2285,500";"2523,500"
"22:23:13.537";"2365";"1906";"10";"1cm";"2374,75";"2434,25";"59,50";"2285,500";"2523,500"
"22:23:14.037";"2419";"1949";"10";"1cm";"2374,75";"2434,25";"59,50";"2285,500";"2523,500"
"22:23:14.538";"2446";"1971";"10";"1cm";"2374,75";"2434,25";"59,50";"2285,500";"2523,500"
"22:23:15.037";"2446";"1971";"10";"1cm";"2374,75";"2434,25";"59,50";"2285,500";"2523,500"
"22:23:15.538";"2435";"1962";"10";"1cm";"2374,75";"2434,25";"59,50";"2285,500";"2523,500"
"22:23:16.037";"2400";"1934";"10";"1cm";"2374,75";"2434,25";"59,50";"2285,500";"2523,500"
"22:23:16.537";"2394";"1929";"10";"1cm";"2374,75";"2434,25";"59,50";"2285,500";"2523,500"
"22:23:17.037";"2399";"1933";"10";"1cm";"2374,75";"2434,25";"59,50";"2285,500";"2523,500"
"22:23:17.537";"2393";"1928";"10";"1cm";"2374,75";"2434,25";"59,50";"2285,500";"2523,500"
"22:23:18.037";"2387";"1924";"10";"1cm";"2374,75";"2434,25";"59,50";"2285,500";"2523,500"
"22:23:18.538";"2386";"1923";"10";"1cm";"2374,75";"2434,25";"59,50";"2285,500";"2523,500"
"22:23:19.037";"2398";"1932";"10";"1cm";"2374,75";"2434,25";"59,50";"2285,500";"2523,500"
"22:23:19.537";"2391";"1927";"10";"1cm";"2374,75";"2434,25";"59,50";"2285,500";"2523,500"
"22:23:20.037";"2406";"1939";"10";"1cm";"2374,75";"2434,25";"59,50";"2285,500";"2523,500"
"22:23:20.538";"2418";"1949";"10";"1cm";"2374,75";"2434,25";"59,50";"2285,500";"2523,500"
"22:23:21.037";"2420";"1950";"10";"1cm";"2374,75";"2434,25";"59,50";"2285,500";"2523,500"
"22:23:21.537";"2432";"1960";"10";"1cm";"2374,75";"2434,25";"59,50";"2285,500";"2523,500"
"22:23:22.037";"2439";"1965";"10";"1cm";"2374,75";"2434,25";"59,50";"2285,500";"2523,500"
"22:23:22.537";"2442";"1968";"10";"1cm";"2374,75";"2434,25";"59,50";"2285,500";"2523,500"
"22:23:23.038";"2434";"1961";"10";"1cm";"2374,75";"2434,25";"59,50";"2285,500";"2523,500"
"22:23:23.538";"2404";"1937";"10";"1cm";"2374,75";"2434,25";"59,50";"2285,500";"2523,500"
"22:23:24.037";"2402";"1936";"10";"1cm";"2374,75";"2434,25";"59,50";"2285,500";"2523,500"
"22:23:24.537";"2382";"1920";"10";"1cm";"2374,75";"2434,25";"59,50";"2285,500";"2523,500"
"22:23:25.038";"2394";"1929";"10";"1cm";"2374,75";"2434,25";"59,50";"2285,500";"2523,500"
"22:23:25.537";"2375";"1914";"10";"1cm";"2374,75";"2434,25";"59,50";"2285,500";"2523,500"
"22:23:26.038";"2421";"1951";"10";"1cm";"2374,75";"2434,25";"59,50";"2285,500";"2523,500"
"22:23:26.537";"2381";"1919";"10";"1cm";"2374,75";"2434,25";"59,50";"2285,500";"2523,500"
"22:23:27.037";"2384";"1921";"10";"1cm";"2374,75";"2434,25";"59,50";"2285,500";"2523,500"
"22:23:27.537";"2395";"1930";"10";"1cm";"2374,75";"2434,25";"59,50";"2285,500";"2523,500"
"22:23:28.037";"2384";"1921";"10";"1cm";"2374,75";"2434,25";"59,50";"2285,500";"2523,500"
"22:23:28.537";"2403";"1936";"10";"1cm";"2374,75";"2434,25";"59,50";"2285,500";"2523,500"
"22:23:29.037";"2401";"1935";"10";"1cm";"2374,75";"2434,25";"59,50";"2285,500";"2523,500"
"22:23:29.537";"2416";"1947";"10";"1cm";"2374,75";"2434,25";"59,50";"2285,500";"2523,500"
"22:23:30.037";"2403";"1936";"10";"1cm";"2374,75";"2434,25";"59,50";"2285,500";"2523,500"
"22:23:30.537";"2397";"1932";"10";"1cm";"2374,75";"2434,25";"59,50";"2285,500";"2523,500"
"22:23:31.038";"2403";"1936";"10";"1cm";"2374,75";"2434,25";"59,50";"2285,500";"2523,500"
"22:23:31.538";"2400";"1934";"10";"1cm";"2374,75";"2434,25";"59,50";"2285,500";"2523,500"
"22:23:32.038";"2415";"1946";"10";"1cm";"2374,75";"2434,25";"59,50";"2285,500";"2523,500"
"22:23:32.537";"2420";"1950";"10";"1cm";"2374,75";"2434,25";"59,50";"2285,500";"2523,500"
"22:23:33.038";"2409";"1941";"10";"1cm";"2374,75";"2434,25";"59,50";"2285,500";"2523,500"
"22:23:33.537";"2393";"1928";"10";"1cm";"2374,75";"2434,25";"59,50";"2285,500";"2523,500"
"22:23:34.038";"2392";"1928";"10";"1cm";"2374,75";"2434,25";"59,50";"2285,500";"2523,500"
"22:23:34.538";"2390";"1926";"10";"1cm";"2374,75";"2434,25";"59,50";"2285,500";"2523,500"
"22:23:35.038";"2384";"1921";"10";"1cm";"2374,75";"2434,25";"59,50";"2285,500";"2523,500"
"22:23:35.538";"2387";"1924";"10";"1cm";"2374,75";"2434,25";"59,50";"2285,500";"2523,500"
"22:23:36.037";"2398";"1932";"10";"1cm";"2374,75";"2434,25";"59,50";"2285,500";"2523,500"
"22:23:36.537";"2399";"1933";"10";"1cm";"2374,75";"2434,25";"59,50";"2285,500";"2523,500"
"22:23:37.037";"2414";"1945";"10";"1cm";"2374,75";"2434,25";"59,50";"2285,500";"2523,500"
"22:23:37.538";"2476";"1995";"10";"1cm";"2374,75";"2434,25";"59,50";"2285,500";"2523,500"
"22:23:38.037";"2521";"2032";"10";"1cm";"2374,75";"2434,25";"59,50";"2285,500";"2523,500"
"22:23:38.537";"2515";"2027";"10";"1cm";"2374,75";"2434,25";"59,50";"2285,500";"2523,500"
"22:23:39.038";"2521";"2032";"10";"1cm";"2374,75";"2434,25";"59,50";"2285,500";"2523,500"
"22:23:40.037";"2518";"2029";"10";"1cm";"2374,75";"2434,25";"59,50";"2285,500";"2523,500"
"22:23:40.538";"2503";"2017";"10";"1cm";"2374,75";"2434,25";"59,50";"2285,500";"2523,500"
"22:23:41.038";"2481";"1999";"10";"1cm";"2374,75";"2434,25";"59,50";"2285,500";"2523,500"
"22:23:41.537";"2495";"2011";"10";"1cm";"2374,75";"2434,25";"59,50";"2285,500";"2523,500"
"22:23:42.038";"2511";"2024";"10";"1cm";"2374,75";"2434,25";"59,50";"2285,500";"2523,500"
"22:23:42.538";"2498";"2013";"10";"1cm";"2374,75";"2434,25";"59,50";"2285,500";"2523,500"
"22:23:43.038";"2496";"2011";"10";"1cm";"2374,75";"2434,25";"59,50";"2285,500";"2523,500"
"22:23:43.537";"2490";"2007";"10";"1cm";"2374,75";"2434,25";"59,50";"2285,500";"2523,500"
"22:23:44.038";"2483";"2001";"10";"1cm";"2374,75";"2434,25";"59,50";"2285,500";"2523,500"
"22:23:44.538";"2475";"1995";"10";"1cm";"2374,75";"2434,25";"59,50";"2285,500";"2523,500"
"22:23:45.037";"2475";"1995";"10";"1cm";"2374,75";"2434,25";"59,50";"2285,500";"2523,500"
"22:23:45.538";"2487";"2004";"10";"1cm";"2374,75";"2434,25";"59,50";"2285,500";"2523,500"
"22:23:46.037";"2489";"2006";"10";"1cm";"2374,75";"2434,25";"59,50";"2285,500";"2523,500"
"22:23:46.538";"2473";"1993";"10";"1cm";"2374,75";"2434,25";"59,50";"2285,500";"2523,500"
"22:23:47.038";"2462";"1984";"10";"1cm";"2374,75";"2434,25";"59,50";"2285,500";"2523,500"
"22:23:47.538";"2464";"1986";"10";"1cm";"2374,75";"2434,25";"59,50";"2285,500";"2523,500"
"22:23:48.039";"2470";"1990";"10";"1cm";"2374,75";"2434,25";"59,50";"2285,500";"2523,500"
"22:23:48.537";"2448";"1973";"10";"1cm";"2374,75";"2434,25";"59,50";"2285,500";"2523,500"
"22:23:49.038";"2475";"1995";"10";"1cm";"2374,75";"2434,25";"59,50";"2285,500";"2523,500"
"22:23:49.538";"2480";"1999";"10";"1cm";"2374,75";"2434,25";"59,50";"2285,500";"2523,500"
"22:23:50.038";"2453";"1977";"10";"1cm";"2374,75";"2434,25";"59,50";"2285,500";"2523,500"
"22:23:50.539";"2429";"1957";"10";"1cm";"2374,75";"2434,25";"59,50";"2285,500";"2523,500"
"22:23:51.038";"2421";"1951";"10";"1cm";"2374,75";"2434,25";"59,50";"2285,500";"2523,500"
"22:23:51.537";"2416";"1947";"10";"1cm";"2374,75";"2434,25";"59,50";"2285,500";"2523,500"
"22:23:52.039";"2417";"1948";"10";"1cm";"2374,75";"2434,25";"59,50";"2285,500";"2523,500"
"22:23:52.538";"2409";"1941";"10";"1cm";"2374,75";"2434,25";"59,50";"2285,500";"2523,500"
"22:23:53.039";"2419";"1949";"10";"1cm";"2374,75";"2434,25";"59,50";"2285,500";"2523,500"
"22:23:53.538";"2414";"1945";"10";"1cm";"2374,75";"2434,25";"59,50";"2285,500";"2523,500"
"22:23:54.038";"2416";"1947";"10";"1cm";"2374,75";"2434,25";"59,50";"2285,500";"2523,500"
"22:23:54.538";"2419";"1949";"10";"1cm";"2374,75";"2434,25";"59,50";"2285,500";"2523,500"
"22:23:55.038";"2414";"1945";"10";"1cm";"2374,75";"2434,25";"59,50";"2285,500";"2523,500"
"22:23:55.538";"2416";"1947";"10";"1cm";"2374,75";"2434,25";"59,50";"2285,500";"2523,500"
"22:23:56.038";"2399";"1933";"10";"1cm";"2374,75";"2434,25";"59,50";"2285,500";"2523,500"
"22:25:35.146";"2097";"1690";"15";"1,5cm";"2095,25";"2119,00";"23,75";"2059,625";"2154,625"
"22:25:35.646";"2110";"1700";"15";"1,5cm";"2095,25";"2119,00";"23,75";"2059,625";"2154,625"
"22:25:36.146";"2128";"1715";"15";"1,5cm";"2095,25";"2119,00";"23,75";"2059,625";"2154,625"
"22:25:36.646";"2118";"1707";"15";"1,5cm";"2095,25";"2119,00";"23,75";"2059,625";"2154,625"
"22:25:37.147";"2106";"1697";"15";"1,5cm";"2095,25";"2119,00";"23,75";"2059,625";"2154,625"
"22:25:37.646";"2125";"1712";"15";"1,5cm";"2095,25";"2119,00";"23,75";"2059,625";"2154,625"
"22:25:38.146";"2112";"1702";"15";"1,5cm";"2095,25";"2119,00";"23,75";"2059,625";"2154,625"
"22:25:38.646";"2101";"1693";"15";"1,5cm";"2095,25";"2119,00";"23,75";"2059,625";"2154,625"
"22:25:39.146";"2103";"1695";"15";"1,5cm";"2095,25";"2119,00";"23,75";"2059,625";"2154,625"
"22:25:39.647";"2112";"1702";"15";"1,5cm";"2095,25";"2119,00";"23,75";"2059,625";"2154,625"
"22:25:40.146";"2117";"1706";"15";"1,5cm";"2095,25";"2119,00";"23,75";"2059,625";"2154,625"
"22:25:40.646";"2111";"1701";"15";"1,5cm";"2095,25";"2119,00";"23,75";"2059,625";"2154,625"
"22:25:41.146";"2111";"1701";"15";"1,5cm";"2095,25";"2119,00";"23,75";"2059,625";"2154,625"
"22:25:41.646";"2132";"1718";"15";"1,5cm";"2095,25";"2119,00";"23,75";"2059,625";"2154,625"
"22:25:42.146";"2121";"1709";"15";"1,5cm";"2095,25";"2119,00";"23,75";"2059,625";"2154,625"
"22:25:42.646";"2128";"1715";"15";"1,5cm";"2095,25";"2119,00";"23,75";"2059,625";"2154,625"
"22:25:43.146";"2123";"1711";"15";"1,5cm";"2095,25";"2119,00";"23,75";"2059,625";"2154,625"
"22:25:43.646";"2124";"1712";"15";"1,5cm";"2095,25";"2119,00";"23,75";"2059,625";"2154,625"
"22:25:44.146";"2128";"1715";"15";"1,5cm";"2095,25";"2119,00";"23,75";"2059,625";"2154,625"
"22:25:44.646";"2117";"1706";"15";"1,5cm";"2095,25";"2119,00";"23,75";"2059,625";"2154,625"
"22:25:45.146";"2128";"1715";"15";"1,5cm";"2095,25";"2119,00";"23,75";"2059,625";"2154,625"
"22:25:45.646";"2125";"1712";"15";"1,5cm";"2095,25";"2119,00";"23,75";"2059,625";"2154,625"
"22:25:46.147";"2112";"1702";"15";"1,5cm";"2095,25";"2119,00";"23,75";"2059,625";"2154,625"
"22:25:46.646";"2122";"1710";"15";"1,5cm";"2095,25";"2119,00";"23,75";"2059,625";"2154,625"
"22:25:47.146";"2128";"1715";"15";"1,5cm";"2095,25";"2119,00";"23,75";"2059,625";"2154,625"
"22:25:47.646";"2118";"1707";"15";"1,5cm";"2095,25";"2119,00";"23,75";"2059,625";"2154,625"
"22:25:48.147";"2117";"1706";"15";"1,5cm";"2095,25";"2119,00";"23,75";"2059,625";"2154,625"
"22:25:48.646";"2118";"1707";"15";"1,5cm";"2095,25";"2119,00";"23,75";"2059,625";"2154,625"
"22:25:49.147";"2127";"1714";"15";"1,5cm";"2095,25";"2119,00";"23,75";"2059,625";"2154,625"
"22:25:49.646";"2128";"1715";"15";"1,5cm";"2095,25";"2119,00";"23,75";"2059,625";"2154,625"
"22:25:50.147";"2119";"1708";"15";"1,5cm";"2095,25";"2119,00";"23,75";"2059,625";"2154,625"
"22:25:50.646";"2115";"1704";"15";"1,5cm";"2095,25";"2119,00";"23,75";"2059,625";"2154,625"
"22:25:51.147";"2113";"1703";"15";"1,5cm";"2095,25";"2119,00";"23,75";"2059,625";"2154,625"
"22:25:51.646";"2129";"1716";"15";"1,5cm";"2095,25";"2119,00";"23,75";"2059,625";"2154,625"
"22:25:52.147";"2118";"1707";"15";"1,5cm";"2095,25";"2119,00";"23,75";"2059,625";"2154,625"
"22:25:52.646";"2128";"1715";"15";"1,5cm";"2095,25";"2119,00";"23,75";"2059,625";"2154,625"
"22:25:53.146";"2117";"1706";"15";"1,5cm";"2095,25";"2119,00";"23,75";"2059,625";"2154,625"
"22:25:53.646";"2126";"1713";"15";"1,5cm";"2095,25";"2119,00";"23,75";"2059,625";"2154,625"
"22:25:54.147";"2118";"1707";"15";"1,5cm";"2095,25";"2119,00";"23,75";"2059,625";"2154,625"
"22:25:54.646";"2128";"1715";"15";"1,5cm";"2095,25";"2119,00";"23,75";"2059,625";"2154,625"
"22:25:55.147";"2129";"1716";"15";"1,5cm";"2095,25";"2119,00";"23,75";"2059,625";"2154,625"
"22:25:55.646";"2139";"1724";"15";"1,5cm";"2095,25";"2119,00";"23,75";"2059,625";"2154,625"
"22:25:56.146";"2117";"1706";"15";"1,5cm";"2095,25";"2119,00";"23,75";"2059,625";"2154,625"
"22:25:56.646";"2126";"1713";"15";"1,5cm";"2095,25";"2119,00";"23,75";"2059,625";"2154,625"
"22:25:57.147";"2112";"1702";"15";"1,5cm";"2095,25";"2119,00";"23,75";"2059,625";"2154,625"
"22:25:57.646";"2125";"1712";"15";"1,5cm";"2095,25";"2119,00";"23,75";"2059,625";"2154,625"
"22:25:58.147";"2129";"1716";"15";"1,5cm";"2095,25";"2119,00";"23,75";"2059,625";"2154,625"
"22:25:58.646";"2119";"1708";"15";"1,5cm";"2095,25";"2119,00";"23,75";"2059,625";"2154,625"
"22:25:59.147";"2113";"1703";"15";"1,5cm";"2095,25";"2119,00";"23,75";"2059,625";"2154,625"
"22:25:59.647";"2118";"1707";"15";"1,5cm";"2095,25";"2119,00";"23,75";"2059,625";"2154,625"
"22:26:00.146";"2126";"1713";"15";"1,5cm";"2095,25";"2119,00";"23,75";"2059,625";"2154,625"
"22:26:00.647";"2108";"1699";"15";"1,5cm";"2095,25";"2119,00";"23,75";"2059,625";"2154,625"
"22:26:01.147";"2127";"1714";"15";"1,5cm";"2095,25";"2119,00";"23,75";"2059,625";"2154,625"
"22:26:01.646";"2121";"1709";"15";"1,5cm";"2095,25";"2119,00";"23,75";"2059,625";"2154,625"
"22:26:02.147";"2115";"1704";"15";"1,5cm";"2095,25";"2119,00";"23,75";"2059,625";"2154,625"
"22:26:02.646";"2113";"1703";"15";"1,5cm";"2095,25";"2119,00";"23,75";"2059,625";"2154,625"
"22:26:03.147";"2116";"1705";"15";"1,5cm";"2095,25";"2119,00";"23,75";"2059,625";"2154,625"
"22:26:03.647";"2123";"1711";"15";"1,5cm";"2095,25";"2119,00";"23,75";"2059,625";"2154,625"
"22:26:04.147";"2125";"1712";"15";"1,5cm";"2095,25";"2119,00";"23,75";"2059,625";"2154,625"
"22:26:04.647";"2112";"1702";"15";"1,5cm";"2095,25";"2119,00";"23,75";"2059,625";"2154,625"
"22:26:05.147";"2115";"1704";"15";"1,5cm";"2095,25";"2119,00";"23,75";"2059,625";"2154,625"
"22:26:05.646";"2122";"1710";"15";"1,5cm";"2095,25";"2119,00";"23,75";"2059,625";"2154,625"
"22:26:06.147";"2118";"1707";"15";"1,5cm";"2095,25";"2119,00";"23,75";"2059,625";"2154,625"
"22:26:06.646";"2110";"1700";"15";"1,5cm";"2095,25";"2119,00";"23,75";"2059,625";"2154,625"
"22:26:07.147";"2096";"1689";"15";"1,5cm";"2095,25";"2119,00";"23,75";"2059,625";"2154,625"
"22:26:07.646";"2121";"1709";"15";"1,5cm";"2095,25";"2119,00";"23,75";"2059,625";"2154,625"
"22:26:08.147";"2119";"1708";"15";"1,5cm";"2095,25";"2119,00";"23,75";"2059,625";"2154,625"
"22:26:08.646";"2111";"1701";"15";"1,5cm";"2095,25";"2119,00";"23,75";"2059,625";"2154,625"
"22:26:09.146";"2112";"1702";"15";"1,5cm";"2095,25";"2119,00";"23,75";"2059,625";"2154,625"
"22:26:09.646";"2099";"1692";"15";"1,5cm";"2095,25";"2119,00";"23,75";"2059,625";"2154,625"
"22:26:10.146";"2097";"1690";"15";"1,5cm";"2095,25";"2119,00";"23,75";"2059,625";"2154,625"
"22:26:10.647";"2101";"1693";"15";"1,5cm";"2095,25";"2119,00";"23,75";"2059,625";"2154,625"
"22:26:11.147";"2097";"1690";"15";"1,5cm";"2095,25";"2119,00";"23,75";"2059,625";"2154,625"
"22:26:11.647";"2097";"1690";"15";"1,5cm";"2095,25";"2119,00";"23,75";"2059,625";"2154,625"
"22:26:12.146";"2085";"1680";"15";"1,5cm";"2095,25";"2119,00";"23,75";"2059,625";"2154,625"
"22:26:12.647";"2106";"1697";"15";"1,5cm";"2095,25";"2119,00";"23,75";"2059,625";"2154,625"
"22:26:13.147";"2107";"1698";"15";"1,5cm";"2095,25";"2119,00";"23,75";"2059,625";"2154,625"
"22:26:13.647";"2102";"1694";"15";"1,5cm";"2095,25";"2119,00";"23,75";"2059,625";"2154,625"
"22:26:14.147";"2108";"1699";"15";"1,5cm";"2095,25";"2119,00";"23,75";"2059,625";"2154,625"
"22:26:14.647";"2097";"1690";"15";"1,5cm";"2095,25";"2119,00";"23,75";"2059,625";"2154,625"
"22:26:15.147";"2099";"1692";"15";"1,5cm";"2095,25";"2119,00";"23,75";"2059,625";"2154,625"
"22:26:15.647";"2106";"1697";"15";"1,5cm";"2095,25";"2119,00";"23,75";"2059,625";"2154,625"
"22:26:16.147";"2106";"1697";"15";"1,5cm";"2095,25";"2119,00";"23,75";"2059,625";"2154,625"
"22:26:16.646";"2095";"1688";"15";"1,5cm";"2095,25";"2119,00";"23,75";"2059,625";"2154,625"
"22:26:17.146";"2096";"1689";"15";"1,5cm";"2095,25";"2119,00";"23,75";"2059,625";"2154,625"
"22:26:17.647";"2091";"1685";"15";"1,5cm";"2095,25";"2119,00";"23,75";"2059,625";"2154,625"
"22:26:18.146";"2094";"1687";"15";"1,5cm";"2095,25";"2119,00";"23,75";"2059,625";"2154,625"
"22:26:18.647";"2097";"1690";"15";"1,5cm";"2095,25";"2119,00";"23,75";"2059,625";"2154,625"
"22:26:19.147";"2094";"1687";"15";"1,5cm";"2095,25";"2119,00";"23,75";"2059,625";"2154,625"
"22:26:19.647";"2096";"1689";"15";"1,5cm";"2095,25";"2119,00";"23,75";"2059,625";"2154,625"
"22:26:20.147";"2096";"1689";"15";"1,5cm";"2095,25";"2119,00";"23,75";"2059,625";"2154,625"
"22:26:20.647";"2100";"1692";"15";"1,5cm";"2095,25";"2119,00";"23,75";"2059,625";"2154,625"
"22:26:21.147";"2101";"1693";"15";"1,5cm";"2095,25";"2119,00";"23,75";"2059,625";"2154,625"
"22:26:21.646";"2095";"1688";"15";"1,5cm";"2095,25";"2119,00";"23,75";"2059,625";"2154,625"
"22:26:22.147";"2080";"1676";"15";"1,5cm";"2095,25";"2119,00";"23,75";"2059,625";"2154,625"
"22:26:22.647";"2073";"1671";"15";"1,5cm";"2095,25";"2119,00";"23,75";"2059,625";"2154,625"
"22:26:23.148";"2089";"1683";"15";"1,5cm";"2095,25";"2119,00";"23,75";"2059,625";"2154,625"
"22:26:23.648";"2077";"1674";"15";"1,5cm";"2095,25";"2119,00";"23,75";"2059,625";"2154,625"
"22:26:24.148";"2081";"1677";"15";"1,5cm";"2095,25";"2119,00";"23,75";"2059,625";"2154,625"
"22:26:24.647";"2079";"1675";"15";"1,5cm";"2095,25";"2119,00";"23,75";"2059,625";"2154,625"
"22:26:25.147";"2082";"1678";"15";"1,5cm";"2095,25";"2119,00";"23,75";"2059,625";"2154,625"
"22:26:25.647";"2089";"1683";"15";"1,5cm";"2095,25";"2119,00";"23,75";"2059,625";"2154,625"
"22:26:26.147";"2080";"1676";"15";"1,5cm";"2095,25";"2119,00";"23,75";"2059,625";"2154,625"
"22:26:26.647";"2074";"1671";"15";"1,5cm";"2095,25";"2119,00";"23,75";"2059,625";"2154,625"
"22:26:27.147";"2082";"1678";"15";"1,5cm";"2095,25";"2119,00";"23,75";"2059,625";"2154,625"
"22:26:27.647";"2090";"1684";"15";"1,5cm";"2095,25";"2119,00";"23,75";"2059,625";"2154,625"
"22:26:28.147";"2087";"1682";"15";"1,5cm";"2095,25";"2119,00";"23,75";"2059,625";"2154,625"
"22:26:28.648";"2082";"1678";"15";"1,5cm";"2095,25";"2119,00";"23,75";"2059,625";"2154,625"
"22:26:29.147";"2086";"1681";"15";"1,5cm";"2095,25";"2119,00";"23,75";"2059,625";"2154,625"
"22:26:29.647";"2083";"1679";"15";"1,5cm";"2095,25";"2119,00";"23,75";"2059,625";"2154,625"
"22:26:30.147";"2083";"1679";"15";"1,5cm";"2095,25";"2119,00";"23,75";"2059,625";"2154,625"
"22:26:30.647";"2085";"1680";"15";"1,5cm";"2095,25";"2119,00";"23,75";"2059,625";"2154,625"
"22:26:31.147";"2083";"1679";"15";"1,5cm";"2095,25";"2119,00";"23,75";"2059,625";"2154,625"
"22:26:31.647";"2085";"1680";"15";"1,5cm";"2095,25";"2119,00";"23,75";"2059,625";"2154,625"
"22:26:32.146";"2091";"1685";"15";"1,5cm";"2095,25";"2119,00";"23,75";"2059,625";"2154,625"
"22:26:32.647";"2079";"1675";"15";"1,5cm";"2095,25";"2119,00";"23,75";"2059,625";"2154,625"
"22:26:33.147";"2085";"1680";"15";"1,5cm";"2095,25";"2119,00";"23,75";"2059,625";"2154,625"
"22:26:33.647";"2093";"1687";"15";"1,5cm";"2095,25";"2119,00";"23,75";"2059,625";"2154,625"
"22:26:34.147";"2093";"1687";"15";"1,5cm";"2095,25";"2119,00";"23,75";"2059,625";"2154,625"
"22:26:34.647";"2097";"1690";"15";"1,5cm";"2095,25";"2119,00";"23,75";"2059,625";"2154,625"
"22:26:35.147";"2098";"1691";"15";"1,5cm";"2095,25";"2119,00";"23,75";"2059,625";"2154,625"
"22:26:35.647";"2099";"1692";"15";"1,5cm";"2095,25";"2119,00";"23,75";"2059,625";"2154,625"
"22:26:36.148";"2107";"1698";"15";"1,5cm";"2095,25";"2119,00";"23,75";"2059,625";"2154,625"
"22:26:36.648";"2095";"1688";"15";"1,5cm";"2095,25";"2119,00";"23,75";"2059,625";"2154,625"
"22:26:37.148";"2106";"1697";"15";"1,5cm";"2095,25";"2119,00";"23,75";"2059,625";"2154,625"
"22:26:37.648";"2110";"1700";"15";"1,5cm";"2095,25";"2119,00";"23,75";"2059,625";"2154,625"
"22:07:16.166";"2071";"1669";"20";"2cm";"2042,00";"2064,00";"22,00";"2009,000";"2097,000"
"22:07:16.666";"2058";"1658";"20";"2cm";"2042,00";"2064,00";"22,00";"2009,000";"2097,000"
"22:07:17.167";"2058";"1658";"20";"2cm";"2042,00";"2064,00";"22,00";"2009,000";"2097,000"
"22:07:17.666";"2068";"1667";"20";"2cm";"2042,00";"2064,00";"22,00";"2009,000";"2097,000"
"22:07:18.166";"2078";"1675";"20";"2cm";"2042,00";"2064,00";"22,00";"2009,000";"2097,000"
"22:07:18.666";"2063";"1662";"20";"2cm";"2042,00";"2064,00";"22,00";"2009,000";"2097,000"
"22:07:19.166";"2075";"1672";"20";"2cm";"2042,00";"2064,00";"22,00";"2009,000";"2097,000"
"22:07:19.667";"2064";"1663";"20";"2cm";"2042,00";"2064,00";"22,00";"2009,000";"2097,000"
"22:07:20.168";"2064";"1663";"20";"2cm";"2042,00";"2064,00";"22,00";"2009,000";"2097,000"
"22:07:20.667";"2081";"1677";"20";"2cm";"2042,00";"2064,00";"22,00";"2009,000";"2097,000"
"22:07:21.166";"2064";"1663";"20";"2cm";"2042,00";"2064,00";"22,00";"2009,000";"2097,000"
"22:07:21.666";"2068";"1667";"20";"2cm";"2042,00";"2064,00";"22,00";"2009,000";"2097,000"
"22:07:22.167";"2073";"1671";"20";"2cm";"2042,00";"2064,00";"22,00";"2009,000";"2097,000"
"22:07:22.667";"2060";"1660";"20";"2cm";"2042,00";"2064,00";"22,00";"2009,000";"2097,000"
"22:07:23.167";"2059";"1659";"20";"2cm";"2042,00";"2064,00";"22,00";"2009,000";"2097,000"
"22:07:23.666";"2055";"1656";"20";"2cm";"2042,00";"2064,00";"22,00";"2009,000";"2097,000"
"22:07:24.167";"2082";"1678";"20";"2cm";"2042,00";"2064,00";"22,00";"2009,000";"2097,000"
"22:07:24.667";"2055";"1656";"20";"2cm";"2042,00";"2064,00";"22,00";"2009,000";"2097,000"
"22:07:25.166";"2063";"1662";"20";"2cm";"2042,00";"2064,00";"22,00";"2009,000";"2097,000"
"22:07:25.667";"2075";"1672";"20";"2cm";"2042,00";"2064,00";"22,00";"2009,000";"2097,000"
"22:07:26.167";"2067";"1666";"20";"2cm";"2042,00";"2064,00";"22,00";"2009,000";"2097,000"
"22:07:26.667";"2064";"1663";"20";"2cm";"2042,00";"2064,00";"22,00";"2009,000";"2097,000"
"22:07:27.167";"2061";"1661";"20";"2cm";"2042,00";"2064,00";"22,00";"2009,000";"2097,000"
"22:07:27.667";"2073";"1671";"20";"2cm";"2042,00";"2064,00";"22,00";"2009,000";"2097,000"
"22:07:28.167";"2067";"1666";"20";"2cm";"2042,00";"2064,00";"22,00";"2009,000";"2097,000"
"22:07:28.667";"2070";"1668";"20";"2cm";"2042,00";"2064,00";"22,00";"2009,000";"2097,000"
"22:07:29.167";"2078";"1675";"20";"2cm";"2042,00";"2064,00";"22,00";"2009,000";"2097,000"
"22:07:29.667";"2075";"1672";"20";"2cm";"2042,00";"2064,00";"22,00";"2009,000";"2097,000"
"22:07:30.167";"2086";"1681";"20";"2cm";"2042,00";"2064,00";"22,00";"2009,000";"2097,000"
"22:07:30.667";"2077";"1674";"20";"2cm";"2042,00";"2064,00";"22,00";"2009,000";"2097,000"
"22:07:31.167";"2090";"1684";"20";"2cm";"2042,00";"2064,00";"22,00";"2009,000";"2097,000"
"22:07:31.666";"2081";"1677";"20";"2cm";"2042,00";"2064,00";"22,00";"2009,000";"2097,000"
"22:07:32.168";"2069";"1667";"20";"2cm";"2042,00";"2064,00";"22,00";"2009,000";"2097,000"
"22:07:32.669";"2066";"1665";"20";"2cm";"2042,00";"2064,00";"22,00";"2009,000";"2097,000"
"22:07:33.167";"2081";"1677";"20";"2cm";"2042,00";"2064,00";"22,00";"2009,000";"2097,000"
"22:07:33.668";"2066";"1665";"20";"2cm";"2042,00";"2064,00";"22,00";"2009,000";"2097,000"
"22:07:34.166";"2082";"1678";"20";"2cm";"2042,00";"2064,00";"22,00";"2009,000";"2097,000"
"22:07:34.668";"2074";"1671";"20";"2cm";"2042,00";"2064,00";"22,00";"2009,000";"2097,000"
"22:07:35.167";"2064";"1663";"20";"2cm";"2042,00";"2064,00";"22,00";"2009,000";"2097,000"
"22:07:35.667";"2053";"1654";"20";"2cm";"2042,00";"2064,00";"22,00";"2009,000";"2097,000"
"22:07:36.167";"2064";"1663";"20";"2cm";"2042,00";"2064,00";"22,00";"2009,000";"2097,000"
"22:07:36.667";"2069";"1667";"20";"2cm";"2042,00";"2064,00";"22,00";"2009,000";"2097,000"
"22:07:37.167";"2054";"1655";"20";"2cm";"2042,00";"2064,00";"22,00";"2009,000";"2097,000"
"22:07:37.667";"2035";"1640";"20";"2cm";"2042,00";"2064,00";"22,00";"2009,000";"2097,000"
"22:07:38.167";"2038";"1642";"20";"2cm";"2042,00";"2064,00";"22,00";"2009,000";"2097,000"
"22:07:38.668";"2054";"1655";"20";"2cm";"2042,00";"2064,00";"22,00";"2009,000";"2097,000"
"22:07:39.168";"2042";"1646";"20";"2cm";"2042,00";"2064,00";"22,00";"2009,000";"2097,000"
"22:07:39.667";"2046";"1649";"20";"2cm";"2042,00";"2064,00";"22,00";"2009,000";"2097,000"
"22:07:40.167";"2059";"1659";"20";"2cm";"2042,00";"2064,00";"22,00";"2009,000";"2097,000"
"22:07:40.667";"2044";"1647";"20";"2cm";"2042,00";"2064,00";"22,00";"2009,000";"2097,000"
"22:07:41.167";"2045";"1648";"20";"2cm";"2042,00";"2064,00";"22,00";"2009,000";"2097,000"
"22:07:41.667";"2074";"1671";"20";"2cm";"2042,00";"2064,00";"22,00";"2009,000";"2097,000"
"22:07:42.168";"2047";"1650";"20";"2cm";"2042,00";"2064,00";"22,00";"2009,000";"2097,000"
"22:07:42.667";"2059";"1659";"20";"2cm";"2042,00";"2064,00";"22,00";"2009,000";"2097,000"
"22:07:43.167";"2045";"1648";"20";"2cm";"2042,00";"2064,00";"22,00";"2009,000";"2097,000"
"22:07:43.667";"2060";"1660";"20";"2cm";"2042,00";"2064,00";"22,00";"2009,000";"2097,000"
"22:07:44.167";"2057";"1658";"20";"2cm";"2042,00";"2064,00";"22,00";"2009,000";"2097,000"
"22:07:44.667";"2042";"1646";"20";"2cm";"2042,00";"2064,00";"22,00";"2009,000";"2097,000"
"22:07:45.167";"2061";"1661";"20";"2cm";"2042,00";"2064,00";"22,00";"2009,000";"2097,000"
"22:07:45.668";"2039";"1643";"20";"2cm";"2042,00";"2064,00";"22,00";"2009,000";"2097,000"
"22:07:46.167";"2043";"1646";"20";"2cm";"2042,00";"2064,00";"22,00";"2009,000";"2097,000"
"22:07:46.667";"2036";"1641";"20";"2cm";"2042,00";"2064,00";"22,00";"2009,000";"2097,000"
"22:07:47.167";"2047";"1650";"20";"2cm";"2042,00";"2064,00";"22,00";"2009,000";"2097,000"
"22:07:47.667";"2041";"1645";"20";"2cm";"2042,00";"2064,00";"22,00";"2009,000";"2097,000"
"22:07:48.167";"2026";"1633";"20";"2cm";"2042,00";"2064,00";"22,00";"2009,000";"2097,000"
"22:07:48.668";"2035";"1640";"20";"2cm";"2042,00";"2064,00";"22,00";"2009,000";"2097,000"
"22:07:49.168";"2032";"1638";"20";"2cm";"2042,00";"2064,00";"22,00";"2009,000";"2097,000"
"22:07:49.668";"2047";"1650";"20";"2cm";"2042,00";"2064,00";"22,00";"2009,000";"2097,000"
"22:07:50.167";"2042";"1646";"20";"2cm";"2042,00";"2064,00";"22,00";"2009,000";"2097,000"
"22:07:50.668";"2041";"1645";"20";"2cm";"2042,00";"2064,00";"22,00";"2009,000";"2097,000"
"22:07:51.167";"2042";"1646";"20";"2cm";"2042,00";"2064,00";"22,00";"2009,000";"2097,000"
"22:07:51.667";"2039";"1643";"20";"2cm";"2042,00";"2064,00";"22,00";"2009,000";"2097,000"
"22:07:52.167";"2045";"1648";"20";"2cm";"2042,00";"2064,00";"22,00";"2009,000";"2097,000"
"22:07:52.667";"2032";"1638";"20";"2cm";"2042,00";"2064,00";"22,00";"2009,000";"2097,000"
"22:07:53.167";"2041";"1645";"20";"2cm";"2042,00";"2064,00";"22,00";"2009,000";"2097,000"
"22:07:53.667";"2032";"1638";"20";"2cm";"2042,00";"2064,00";"22,00";"2009,000";"2097,000"
"22:07:54.167";"2037";"1642";"20";"2cm";"2042,00";"2064,00";"22,00";"2009,000";"2097,000"
"22:07:54.668";"2033";"1638";"20";"2cm";"2042,00";"2064,00";"22,00";"2009,000";"2097,000"
"22:07:55.168";"2042";"1646";"20";"2cm";"2042,00";"2064,00";"22,00";"2009,000";"2097,000"
"22:07:55.667";"2033";"1638";"20";"2cm";"2042,00";"2064,00";"22,00";"2009,000";"2097,000"
"22:07:56.168";"2035";"1640";"20";"2cm";"2042,00";"2064,00";"22,00";"2009,000";"2097,000"
"22:07:56.667";"2039";"1643";"20";"2cm";"2042,00";"2064,00";"22,00";"2009,000";"2097,000"
"22:07:57.168";"2043";"1646";"20";"2cm";"2042,00";"2064,00";"22,00";"2009,000";"2097,000"
"22:07:57.667";"2033";"1638";"20";"2cm";"2042,00";"2064,00";"22,00";"2009,000";"2097,000"
"22:07:58.167";"2045";"1648";"20";"2cm";"2042,00";"2064,00";"22,00";"2009,000";"2097,000"
"22:07:58.668";"2046";"1649";"20";"2cm";"2042,00";"2064,00";"22,00";"2009,000";"2097,000"
"22:07:59.167";"2046";"1649";"20";"2cm";"2042,00";"2064,00";"22,00";"2009,000";"2097,000"
"22:07:59.667";"2047";"1650";"20";"2cm";"2042,00";"2064,00";"22,00";"2009,000";"2097,000"
"22:08:00.168";"2047";"1650";"20";"2cm";"2042,00";"2064,00";"22,00";"2009,000";"2097,000"
"22:08:00.667";"2057";"1658";"20";"2cm";"2042,00";"2064,00";"22,00";"2009,000";"2097,000"
"22:08:01.167";"2047";"1650";"20";"2cm";"2042,00";"2064,00";"22,00";"2009,000";"2097,000"
"22:08:01.668";"2058";"1658";"20";"2cm";"2042,00";"2064,00";"22,00";"2009,000";"2097,000"
"22:08:02.168";"2047";"1650";"20";"2cm";"2042,00";"2064,00";"22,00";"2009,000";"2097,000"
"22:08:02.668";"2037";"1642";"20";"2cm";"2042,00";"2064,00";"22,00";"2009,000";"2097,000"
"22:08:03.167";"2031";"1637";"20";"2cm";"2042,00";"2064,00";"22,00";"2009,000";"2097,000"
"22:08:03.668";"2035";"1640";"20";"2cm";"2042,00";"2064,00";"22,00";"2009,000";"2097,000"
"22:08:04.168";"2041";"1645";"20";"2cm";"2042,00";"2064,00";"22,00";"2009,000";"2097,000"
"22:08:04.668";"2035";"1640";"20";"2cm";"2042,00";"2064,00";"22,00";"2009,000";"2097,000"
"22:08:05.168";"2042";"1646";"20";"2cm";"2042,00";"2064,00";"22,00";"2009,000";"2097,000"
"22:08:05.668";"2047";"1650";"20";"2cm";"2042,00";"2064,00";"22,00";"2009,000";"2097,000"
"22:08:06.168";"2059";"1659";"20";"2cm";"2042,00";"2064,00";"22,00";"2009,000";"2097,000"
"22:08:06.668";"2044";"1647";"20";"2cm";"2042,00";"2064,00";"22,00";"2009,000";"2097,000"
"22:08:07.168";"2047";"1650";"20";"2cm";"2042,00";"2064,00";"22,00";"2009,000";"2097,000"
"22:08:07.668";"2065";"1664";"20";"2cm";"2042,00";"2064,00";"22,00";"2009,000";"2097,000"
"22:08:08.168";"2047";"1650";"20";"2cm";"2042,00";"2064,00";"22,00";"2009,000";"2097,000"
"22:08:08.668";"2032";"1638";"20";"2cm";"2042,00";"2064,00";"22,00";"2009,000";"2097,000"
"22:08:09.168";"2053";"1654";"20";"2cm";"2042,00";"2064,00";"22,00";"2009,000";"2097,000"
"22:08:09.668";"2047";"1650";"20";"2cm";"2042,00";"2064,00";"22,00";"2009,000";"2097,000"
"22:08:10.168";"2043";"1646";"20";"2cm";"2042,00";"2064,00";"22,00";"2009,000";"2097,000"
"22:08:10.668";"2042";"1646";"20";"2cm";"2042,00";"2064,00";"22,00";"2009,000";"2097,000"
"22:08:11.168";"2035";"1640";"20";"2cm";"2042,00";"2064,00";"22,00";"2009,000";"2097,000"
"22:08:11.668";"2055";"1656";"20";"2cm";"2042,00";"2064,00";"22,00";"2009,000";"2097,000"
"22:08:12.168";"2047";"1650";"20";"2cm";"2042,00";"2064,00";"22,00";"2009,000";"2097,000"
"22:08:12.668";"2036";"1641";"20";"2cm";"2042,00";"2064,00";"22,00";"2009,000";"2097,000"
"22:08:13.168";"2047";"1650";"20";"2cm";"2042,00";"2064,00";"22,00";"2009,000";"2097,000"
"22:08:13.668";"2056";"1657";"20";"2cm";"2042,00";"2064,00";"22,00";"2009,000";"2097,000"
"22:09:26.352";"2006";"1617";"25";"2,5cm";"2006,00";"2023,00";"17,00";"1980,500";"2048,500"
"22:09:26.852";"1998";"1610";"25";"2,5cm";"2006,00";"2023,00";"17,00";"1980,500";"2048,500"
"22:09:27.352";"2003";"1614";"25";"2,5cm";"2006,00";"2023,00";"17,00";"1980,500";"2048,500"
"22:09:27.852";"2000";"1612";"25";"2,5cm";"2006,00";"2023,00";"17,00";"1980,500";"2048,500"
"22:09:28.352";"1994";"1607";"25";"2,5cm";"2006,00";"2023,00";"17,00";"1980,500";"2048,500"
"22:09:28.852";"2006";"1617";"25";"2,5cm";"2006,00";"2023,00";"17,00";"1980,500";"2048,500"
"22:09:29.352";"2002";"1613";"25";"2,5cm";"2006,00";"2023,00";"17,00";"1980,500";"2048,500"
"22:09:29.852";"2011";"1621";"25";"2,5cm";"2006,00";"2023,00";"17,00";"1980,500";"2048,500"
"22:09:30.351";"2000";"1612";"25";"2,5cm";"2006,00";"2023,00";"17,00";"1980,500";"2048,500"
"22:09:30.852";"1993";"1606";"25";"2,5cm";"2006,00";"2023,00";"17,00";"1980,500";"2048,500"
"22:09:31.352";"2000";"1612";"25";"2,5cm";"2006,00";"2023,00";"17,00";"1980,500";"2048,500"
"22:09:31.852";"1997";"1609";"25";"2,5cm";"2006,00";"2023,00";"17,00";"1980,500";"2048,500"
"22:09:32.352";"2000";"1612";"25";"2,5cm";"2006,00";"2023,00";"17,00";"1980,500";"2048,500"
"22:09:32.852";"2001";"1613";"25";"2,5cm";"2006,00";"2023,00";"17,00";"1980,500";"2048,500"
"22:09:33.352";"1999";"1611";"25";"2,5cm";"2006,00";"2023,00";"17,00";"1980,500";"2048,500"
"22:09:33.852";"2000";"1612";"25";"2,5cm";"2006,00";"2023,00";"17,00";"1980,500";"2048,500"
"22:09:34.352";"1995";"1608";"25";"2,5cm";"2006,00";"2023,00";"17,00";"1980,500";"2048,500"
"22:09:34.852";"2003";"1614";"25";"2,5cm";"2006,00";"2023,00";"17,00";"1980,500";"2048,500"
"22:09:35.352";"1995";"1608";"25";"2,5cm";"2006,00";"2023,00";"17,00";"1980,500";"2048,500"
"22:09:35.852";"2001";"1613";"25";"2,5cm";"2006,00";"2023,00";"17,00";"1980,500";"2048,500"
"22:09:36.353";"2011";"1621";"25";"2,5cm";"2006,00";"2023,00";"17,00";"1980,500";"2048,500"
"22:09:36.852";"2000";"1612";"25";"2,5cm";"2006,00";"2023,00";"17,00";"1980,500";"2048,500"
"22:09:37.352";"2006";"1617";"25";"2,5cm";"2006,00";"2023,00";"17,00";"1980,500";"2048,500"
"22:09:37.852";"2005";"1616";"25";"2,5cm";"2006,00";"2023,00";"17,00";"1980,500";"2048,500"
"22:09:38.352";"1993";"1606";"25";"2,5cm";"2006,00";"2023,00";"17,00";"1980,500";"2048,500"
"22:09:38.852";"2009";"1619";"25";"2,5cm";"2006,00";"2023,00";"17,00";"1980,500";"2048,500"
"22:09:39.352";"1997";"1609";"25";"2,5cm";"2006,00";"2023,00";"17,00";"1980,500";"2048,500"
"22:09:39.852";"2016";"1625";"25";"2,5cm";"2006,00";"2023,00";"17,00";"1980,500";"2048,500"
"22:09:40.352";"2005";"1616";"25";"2,5cm";"2006,00";"2023,00";"17,00";"1980,500";"2048,500"
"22:09:40.852";"2000";"1612";"25";"2,5cm";"2006,00";"2023,00";"17,00";"1980,500";"2048,500"
"22:09:41.352";"2007";"1617";"25";"2,5cm";"2006,00";"2023,00";"17,00";"1980,500";"2048,500"
"22:09:41.852";"2006";"1617";"25";"2,5cm";"2006,00";"2023,00";"17,00";"1980,500";"2048,500"
"22:09:42.352";"2005";"1616";"25";"2,5cm";"2006,00";"2023,00";"17,00";"1980,500";"2048,500"
"22:09:42.852";"2005";"1616";"25";"2,5cm";"2006,00";"2023,00";"17,00";"1980,500";"2048,500"
"22:09:43.352";"2004";"1615";"25";"2,5cm";"2006,00";"2023,00";"17,00";"1980,500";"2048,500"
"22:09:43.852";"2011";"1621";"25";"2,5cm";"2006,00";"2023,00";"17,00";"1980,500";"2048,500"
"22:09:44.352";"2011";"1621";"25";"2,5cm";"2006,00";"2023,00";"17,00";"1980,500";"2048,500"
"22:09:44.852";"2014";"1623";"25";"2,5cm";"2006,00";"2023,00";"17,00";"1980,500";"2048,500"
"22:09:45.352";"2005";"1616";"25";"2,5cm";"2006,00";"2023,00";"17,00";"1980,500";"2048,500"
"22:09:45.853";"2023";"1630";"25";"2,5cm";"2006,00";"2023,00";"17,00";"1980,500";"2048,500"
"22:09:46.352";"2003";"1614";"25";"2,5cm";"2006,00";"2023,00";"17,00";"1980,500";"2048,500"
"22:09:46.853";"2014";"1623";"25";"2,5cm";"2006,00";"2023,00";"17,00";"1980,500";"2048,500"
"22:09:47.353";"2011";"1621";"25";"2,5cm";"2006,00";"2023,00";"17,00";"1980,500";"2048,500"
"22:09:47.852";"2020";"1628";"25";"2,5cm";"2006,00";"2023,00";"17,00";"1980,500";"2048,500"
"22:09:48.352";"2019";"1627";"25";"2,5cm";"2006,00";"2023,00";"17,00";"1980,500";"2048,500"
"22:09:48.852";"2014";"1623";"25";"2,5cm";"2006,00";"2023,00";"17,00";"1980,500";"2048,500"
"22:09:49.352";"2005";"1616";"25";"2,5cm";"2006,00";"2023,00";"17,00";"1980,500";"2048,500"
"22:09:49.853";"2021";"1629";"25";"2,5cm";"2006,00";"2023,00";"17,00";"1980,500";"2048,500"
"22:09:50.352";"2014";"1623";"25";"2,5cm";"2006,00";"2023,00";"17,00";"1980,500";"2048,500"
"22:09:50.853";"2015";"1624";"25";"2,5cm";"2006,00";"2023,00";"17,00";"1980,500";"2048,500"
"22:09:51.353";"2019";"1627";"25";"2,5cm";"2006,00";"2023,00";"17,00";"1980,500";"2048,500"
"22:09:51.853";"2014";"1623";"25";"2,5cm";"2006,00";"2023,00";"17,00";"1980,500";"2048,500"
"22:09:52.352";"2020";"1628";"25";"2,5cm";"2006,00";"2023,00";"17,00";"1980,500";"2048,500"
"22:09:52.852";"2015";"1624";"25";"2,5cm";"2006,00";"2023,00";"17,00";"1980,500";"2048,500"
"22:09:53.353";"2021";"1629";"25";"2,5cm";"2006,00";"2023,00";"17,00";"1980,500";"2048,500"
"22:09:53.853";"2014";"1623";"25";"2,5cm";"2006,00";"2023,00";"17,00";"1980,500";"2048,500"
"22:09:54.352";"2024";"1631";"25";"2,5cm";"2006,00";"2023,00";"17,00";"1980,500";"2048,500"
"22:09:54.853";"2018";"1626";"25";"2,5cm";"2006,00";"2023,00";"17,00";"1980,500";"2048,500"
"22:09:55.353";"2025";"1632";"25";"2,5cm";"2006,00";"2023,00";"17,00";"1980,500";"2048,500"
"22:09:55.853";"2022";"1629";"25";"2,5cm";"2006,00";"2023,00";"17,00";"1980,500";"2048,500"
"22:09:56.353";"2029";"1635";"25";"2,5cm";"2006,00";"2023,00";"17,00";"1980,500";"2048,500"
"22:09:56.852";"2021";"1629";"25";"2,5cm";"2006,00";"2023,00";"17,00";"1980,500";"2048,500"
"22:09:57.353";"2013";"1622";"25";"2,5cm";"2006,00";"2023,00";"17,00";"1980,500";"2048,500"
"22:09:57.852";"2021";"1629";"25";"2,5cm";"2006,00";"2023,00";"17,00";"1980,500";"2048,500"
"22:09:58.352";"2020";"1628";"25";"2,5cm";"2006,00";"2023,00";"17,00";"1980,500";"2048,500"
"22:09:58.853";"2022";"1629";"25";"2,5cm";"2006,00";"2023,00";"17,00";"1980,500";"2048,500"
"22:09:59.353";"2013";"1622";"25";"2,5cm";"2006,00";"2023,00";"17,00";"1980,500";"2048,500"
"22:09:59.853";"2021";"1629";"25";"2,5cm";"2006,00";"2023,00";"17,00";"1980,500";"2048,500"
"22:10:00.353";"2027";"1633";"25";"2,5cm";"2006,00";"2023,00";"17,00";"1980,500";"2048,500"
"22:10:00.853";"2030";"1636";"25";"2,5cm";"2006,00";"2023,00";"17,00";"1980,500";"2048,500"
"22:10:01.353";"2028";"1634";"25";"2,5cm";"2006,00";"2023,00";"17,00";"1980,500";"2048,500"
"22:10:01.853";"2021";"1629";"25";"2,5cm";"2006,00";"2023,00";"17,00";"1980,500";"2048,500"
"22:10:02.352";"2031";"1637";"25";"2,5cm";"2006,00";"2023,00";"17,00";"1980,500";"2048,500"
"22:10:02.852";"2023";"1630";"25";"2,5cm";"2006,00";"2023,00";"17,00";"1980,500";"2048,500"
"22:10:03.353";"2023";"1630";"25";"2,5cm";"2006,00";"2023,00";"17,00";"1980,500";"2048,500"
"22:10:03.853";"2035";"1640";"25";"2,5cm";"2006,00";"2023,00";"17,00";"1980,500";"2048,500"
"22:10:04.352";"2019";"1627";"25";"2,5cm";"2006,00";"2023,00";"17,00";"1980,500";"2048,500"
"22:10:04.853";"2017";"1625";"25";"2,5cm";"2006,00";"2023,00";"17,00";"1980,500";"2048,500"
"22:10:05.352";"2021";"1629";"25";"2,5cm";"2006,00";"2023,00";"17,00";"1980,500";"2048,500"
"22:10:05.853";"2030";"1636";"25";"2,5cm";"2006,00";"2023,00";"17,00";"1980,500";"2048,500"
"22:10:06.352";"2021";"1629";"25";"2,5cm";"2006,00";"2023,00";"17,00";"1980,500";"2048,500"
"22:10:06.853";"2021";"1629";"25";"2,5cm";"2006,00";"2023,00";"17,00";"1980,500";"2048,500"
"22:10:07.353";"2030";"1636";"25";"2,5cm";"2006,00";"2023,00";"17,00";"1980,500";"2048,500"
"22:10:07.853";"2014";"1623";"25";"2,5cm";"2006,00";"2023,00";"17,00";"1980,500";"2048,500"
"22:10:08.353";"2023";"1630";"25";"2,5cm";"2006,00";"2023,00";"17,00";"1980,500";"2048,500"
"22:10:08.853";"2011";"1621";"25";"2,5cm";"2006,00";"2023,00";"17,00";"1980,500";"2048,500"
"22:10:09.352";"2029";"1635";"25";"2,5cm";"2006,00";"2023,00";"17,00";"1980,500";"2048,500"
"22:10:09.853";"2030";"1636";"25";"2,5cm";"2006,00";"2023,00";"17,00";"1980,500";"2048,500"
"22:10:10.353";"2021";"1629";"25";"2,5cm";"2006,00";"2023,00";"17,00";"1980,500";"2048,500"
"22:10:10.853";"2027";"1633";"25";"2,5cm";"2006,00";"2023,00";"17,00";"1980,500";"2048,500"
"22:10:11.353";"2028";"1634";"25";"2,5cm";"2006,00";"2023,00";"17,00";"1980,500";"2048,500"
"22:10:11.853";"2025";"1632";"25";"2,5cm";"2006,00";"2023,00";"17,00";"1980,500";"2048,500"
"22:10:12.353";"2028";"1634";"25";"2,5cm";"2006,00";"2023,00";"17,00";"1980,500";"2048,500"
"22:10:12.853";"2020";"1628";"25";"2,5cm";"2006,00";"2023,00";"17,00";"1980,500";"2048,500"
"22:10:13.353";"2023";"1630";"25";"2,5cm";"2006,00";"2023,00";"17,00";"1980,500";"2048,500"
"22:10:13.853";"2036";"1641";"25";"2,5cm";"2006,00";"2023,00";"17,00";"1980,500";"2048,500"
"22:10:14.353";"2027";"1633";"25";"2,5cm";"2006,00";"2023,00";"17,00";"1980,500";"2048,500"
"22:10:14.853";"2027";"1633";"25";"2,5cm";"2006,00";"2023,00";"17,00";"1980,500";"2048,500"
"22:10:15.353";"2030";"1636";"25";"2,5cm";"2006,00";"2023,00";"17,00";"1980,500";"2048,500"
"22:10:15.853";"2022";"1629";"25";"2,5cm";"2006,00";"2023,00";"17,00";"1980,500";"2048,500"
"22:10:16.353";"2024";"1631";"25";"2,5cm";"2006,00";"2023,00";"17,00";"1980,500";"2048,500"
"22:10:16.853";"2023";"1630";"25";"2,5cm";"2006,00";"2023,00";"17,00";"1980,500";"2048,500"
"22:10:17.353";"2023";"1630";"25";"2,5cm";"2006,00";"2023,00";"17,00";"1980,500";"2048,500"
"22:10:17.853";"2029";"1635";"25";"2,5cm";"2006,00";"2023,00";"17,00";"1980,500";"2048,500"
"22:10:18.353";"2015";"1624";"25";"2,5cm";"2006,00";"2023,00";"17,00";"1980,500";"2048,500"
"22:10:18.853";"2025";"1632";"25";"2,5cm";"2006,00";"2023,00";"17,00";"1980,500";"2048,500"
"22:10:19.354";"2021";"1629";"25";"2,5cm";"2006,00";"2023,00";"17,00";"1980,500";"2048,500"
"22:10:19.853";"2028";"1634";"25";"2,5cm";"2006,00";"2023,00";"17,00";"1980,500";"2048,500"
"22:10:20.353";"2031";"1637";"25";"2,5cm";"2006,00";"2023,00";"17,00";"1980,500";"2048,500"
"22:10:20.854";"2031";"1637";"25";"2,5cm";"2006,00";"2023,00";"17,00";"1980,500";"2048,500"
"22:10:21.353";"2020";"1628";"25";"2,5cm";"2006,00";"2023,00";"17,00";"1980,500";"2048,500"
"22:10:21.854";"2015";"1624";"25";"2,5cm";"2006,00";"2023,00";"17,00";"1980,500";"2048,500"
"22:10:22.353";"2032";"1638";"25";"2,5cm";"2006,00";"2023,00";"17,00";"1980,500";"2048,500"
"22:10:22.853";"2023";"1630";"25";"2,5cm";"2006,00";"2023,00";"17,00";"1980,500";"2048,500"
"22:10:23.353";"2027";"1633";"25";"2,5cm";"2006,00";"2023,00";"17,00";"1980,500";"2048,500"
"22:10:23.853";"2015";"1624";"25";"2,5cm";"2006,00";"2023,00";"17,00";"1980,500";"2048,500"
"22:10:24.354";"2021";"1629";"25";"2,5cm";"2006,00";"2023,00";"17,00";"1980,500";"2048,500"
"22:11:11.782";"1993";"1606";"30";"3cm";"1996,75";"2002,00";"5,25";"1988,875";"2009,875"
"22:11:12.282";"1998";"1610";"30";"3cm";"1996,75";"2002,00";"5,25";"1988,875";"2009,875"
"22:11:12.781";"2000";"1612";"30";"3cm";"1996,75";"2002,00";"5,25";"1988,875";"2009,875"
"22:11:13.282";"2000";"1612";"30";"3cm";"1996,75";"2002,00";"5,25";"1988,875";"2009,875"
"22:11:14.782";"2001";"1613";"30";"3cm";"1996,75";"2002,00";"5,25";"1988,875";"2009,875"
"22:11:15.281";"1991";"1604";"30";"3cm";"1996,75";"2002,00";"5,25";"1988,875";"2009,875"
"22:11:15.781";"2000";"1612";"30";"3cm";"1996,75";"2002,00";"5,25";"1988,875";"2009,875"
"22:11:16.282";"1995";"1608";"30";"3cm";"1996,75";"2002,00";"5,25";"1988,875";"2009,875"
"22:11:16.782";"2000";"1612";"30";"3cm";"1996,75";"2002,00";"5,25";"1988,875";"2009,875"
"22:11:17.281";"2003";"1614";"30";"3cm";"1996,75";"2002,00";"5,25";"1988,875";"2009,875"
"22:11:17.782";"2000";"1612";"30";"3cm";"1996,75";"2002,00";"5,25";"1988,875";"2009,875"
"22:11:18.281";"1991";"1604";"30";"3cm";"1996,75";"2002,00";"5,25";"1988,875";"2009,875"
"22:11:18.781";"1999";"1611";"30";"3cm";"1996,75";"2002,00";"5,25";"1988,875";"2009,875"
"22:11:19.281";"2000";"1612";"30";"3cm";"1996,75";"2002,00";"5,25";"1988,875";"2009,875"
"22:11:19.782";"1997";"1609";"30";"3cm";"1996,75";"2002,00";"5,25";"1988,875";"2009,875"
"22:11:20.282";"2000";"1612";"30";"3cm";"1996,75";"2002,00";"5,25";"1988,875";"2009,875"
"22:11:21.282";"1991";"1604";"30";"3cm";"1996,75";"2002,00";"5,25";"1988,875";"2009,875"
"22:11:21.782";"2003";"1614";"30";"3cm";"1996,75";"2002,00";"5,25";"1988,875";"2009,875"
"22:11:22.281";"1998";"1610";"30";"3cm";"1996,75";"2002,00";"5,25";"1988,875";"2009,875"
"22:11:22.782";"2000";"1612";"30";"3cm";"1996,75";"2002,00";"5,25";"1988,875";"2009,875"
"22:11:23.282";"1994";"1607";"30";"3cm";"1996,75";"2002,00";"5,25";"1988,875";"2009,875"
"22:11:23.781";"2001";"1613";"30";"3cm";"1996,75";"2002,00";"5,25";"1988,875";"2009,875"
"22:11:24.282";"2000";"1612";"30";"3cm";"1996,75";"2002,00";"5,25";"1988,875";"2009,875"
"22:11:24.782";"2000";"1612";"30";"3cm";"1996,75";"2002,00";"5,25";"1988,875";"2009,875"
"22:11:25.282";"2000";"1612";"30";"3cm";"1996,75";"2002,00";"5,25";"1988,875";"2009,875"
"22:11:25.782";"2005";"1616";"30";"3cm";"1996,75";"2002,00";"5,25";"1988,875";"2009,875"
"22:11:26.281";"1999";"1611";"30";"3cm";"1996,75";"2002,00";"5,25";"1988,875";"2009,875"
"22:11:26.782";"2000";"1612";"30";"3cm";"1996,75";"2002,00";"5,25";"1988,875";"2009,875"
"22:11:27.281";"1994";"1607";"30";"3cm";"1996,75";"2002,00";"5,25";"1988,875";"2009,875"
"22:11:27.781";"1997";"1609";"30";"3cm";"1996,75";"2002,00";"5,25";"1988,875";"2009,875"
"22:11:28.282";"2002";"1613";"30";"3cm";"1996,75";"2002,00";"5,25";"1988,875";"2009,875"
"22:11:28.781";"1998";"1610";"30";"3cm";"1996,75";"2002,00";"5,25";"1988,875";"2009,875"
"22:11:29.282";"2000";"1612";"30";"3cm";"1996,75";"2002,00";"5,25";"1988,875";"2009,875"
"22:11:29.782";"2000";"1612";"30";"3cm";"1996,75";"2002,00";"5,25";"1988,875";"2009,875"
"22:11:30.282";"1997";"1609";"30";"3cm";"1996,75";"2002,00";"5,25";"1988,875";"2009,875"
"22:11:30.782";"2001";"1613";"30";"3cm";"1996,75";"2002,00";"5,25";"1988,875";"2009,875"
"22:11:31.282";"1999";"1611";"30";"3cm";"1996,75";"2002,00";"5,25";"1988,875";"2009,875"
"22:11:31.782";"1999";"1611";"30";"3cm";"1996,75";"2002,00";"5,25";"1988,875";"2009,875"
"22:11:32.282";"2006";"1617";"30";"3cm";"1996,75";"2002,00";"5,25";"1988,875";"2009,875"
"22:11:32.782";"1991";"1604";"30";"3cm";"1996,75";"2002,00";"5,25";"1988,875";"2009,875"
"22:11:33.282";"1991";"1604";"30";"3cm";"1996,75";"2002,00";"5,25";"1988,875";"2009,875"
"22:11:33.782";"2000";"1612";"30";"3cm";"1996,75";"2002,00";"5,25";"1988,875";"2009,875"
"22:11:34.282";"2000";"1612";"30";"3cm";"1996,75";"2002,00";"5,25";"1988,875";"2009,875"
"22:11:34.782";"2000";"1612";"30";"3cm";"1996,75";"2002,00";"5,25";"1988,875";"2009,875"
"22:11:35.282";"1993";"1606";"30";"3cm";"1996,75";"2002,00";"5,25";"1988,875";"2009,875"
"22:11:35.782";"2004";"1615";"30";"3cm";"1996,75";"2002,00";"5,25";"1988,875";"2009,875"
"22:11:36.282";"2000";"1612";"30";"3cm";"1996,75";"2002,00";"5,25";"1988,875";"2009,875"
"22:11:36.782";"2003";"1614";"30";"3cm";"1996,75";"2002,00";"5,25";"1988,875";"2009,875"
"22:11:37.282";"2002";"1613";"30";"3cm";"1996,75";"2002,00";"5,25";"1988,875";"2009,875"
"22:11:37.782";"2000";"1612";"30";"3cm";"1996,75";"2002,00";"5,25";"1988,875";"2009,875"
"22:11:38.782";"2007";"1617";"30";"3cm";"1996,75";"2002,00";"5,25";"1988,875";"2009,875"
"22:11:39.282";"2000";"1612";"30";"3cm";"1996,75";"2002,00";"5,25";"1988,875";"2009,875"
"22:11:39.782";"2000";"1612";"30";"3cm";"1996,75";"2002,00";"5,25";"1988,875";"2009,875"
"22:11:40.282";"1998";"1610";"30";"3cm";"1996,75";"2002,00";"5,25";"1988,875";"2009,875"
"22:11:40.782";"2000";"1612";"30";"3cm";"1996,75";"2002,00";"5,25";"1988,875";"2009,875"
"22:11:41.283";"1993";"1606";"30";"3cm";"1996,75";"2002,00";"5,25";"1988,875";"2009,875"
"22:11:41.782";"2003";"1614";"30";"3cm";"1996,75";"2002,00";"5,25";"1988,875";"2009,875"
"22:11:42.282";"2003";"1614";"30";"3cm";"1996,75";"2002,00";"5,25";"1988,875";"2009,875"
"22:11:42.782";"2005";"1616";"30";"3cm";"1996,75";"2002,00";"5,25";"1988,875";"2009,875"
"22:11:43.282";"2002";"1613";"30";"3cm";"1996,75";"2002,00";"5,25";"1988,875";"2009,875"
"22:11:43.782";"1995";"1608";"30";"3cm";"1996,75";"2002,00";"5,25";"1988,875";"2009,875"
"22:11:44.282";"2003";"1614";"30";"3cm";"1996,75";"2002,00";"5,25";"1988,875";"2009,875"
"22:11:45.282";"1997";"1609";"30";"3cm";"1996,75";"2002,00";"5,25";"1988,875";"2009,875"
"22:11:45.782";"1999";"1611";"30";"3cm";"1996,75";"2002,00";"5,25";"1988,875";"2009,875"
"22:11:46.282";"2000";"1612";"30";"3cm";"1996,75";"2002,00";"5,25";"1988,875";"2009,875"
"22:11:46.783";"2000";"1612";"30";"3cm";"1996,75";"2002,00";"5,25";"1988,875";"2009,875"
"22:11:47.282";"2002";"1613";"30";"3cm";"1996,75";"2002,00";"5,25";"1988,875";"2009,875"
"22:11:47.783";"2005";"1616";"30";"3cm";"1996,75";"2002,00";"5,25";"1988,875";"2009,875"
"22:11:48.282";"1991";"1604";"30";"3cm";"1996,75";"2002,00";"5,25";"1988,875";"2009,875"
"22:11:48.782";"1998";"1610";"30";"3cm";"1996,75";"2002,00";"5,25";"1988,875";"2009,875"
"22:11:49.282";"1998";"1610";"30";"3cm";"1996,75";"2002,00";"5,25";"1988,875";"2009,875"
"22:11:50.282";"2001";"1613";"30";"3cm";"1996,75";"2002,00";"5,25";"1988,875";"2009,875"
"22:11:50.783";"1998";"1610";"30";"3cm";"1996,75";"2002,00";"5,25";"1988,875";"2009,875"
"22:11:51.282";"1994";"1607";"30";"3cm";"1996,75";"2002,00";"5,25";"1988,875";"2009,875"
"22:11:51.782";"1993";"1606";"30";"3cm";"1996,75";"2002,00";"5,25";"1988,875";"2009,875"
"22:11:52.282";"2001";"1613";"30";"3cm";"1996,75";"2002,00";"5,25";"1988,875";"2009,875"
"22:11:52.782";"2000";"1612";"30";"3cm";"1996,75";"2002,00";"5,25";"1988,875";"2009,875"
"22:11:53.782";"1990";"1604";"30";"3cm";"1996,75";"2002,00";"5,25";"1988,875";"2009,875"
"22:11:54.282";"1997";"1609";"30";"3cm";"1996,75";"2002,00";"5,25";"1988,875";"2009,875"
"22:11:55.283";"1997";"1609";"30";"3cm";"1996,75";"2002,00";"5,25";"1988,875";"2009,875"
"22:11:55.782";"2005";"1616";"30";"3cm";"1996,75";"2002,00";"5,25";"1988,875";"2009,875"
"22:11:56.282";"2009";"1619";"30";"3cm";"1996,75";"2002,00";"5,25";"1988,875";"2009,875"
"22:11:56.782";"2000";"1612";"30";"3cm";"1996,75";"2002,00";"5,25";"1988,875";"2009,875"
"22:11:57.282";"2003";"1614";"30";"3cm";"1996,75";"2002,00";"5,25";"1988,875";"2009,875"
"22:11:57.783";"1995";"1608";"30";"3cm";"1996,75";"2002,00";"5,25";"1988,875";"2009,875"
"22:11:58.282";"1999";"1611";"30";"3cm";"1996,75";"2002,00";"5,25";"1988,875";"2009,875"
"22:11:58.782";"1994";"1607";"30";"3cm";"1996,75";"2002,00";"5,25";"1988,875";"2009,875"
"22:11:59.783";"1994";"1607";"30";"3cm";"1996,75";"2002,00";"5,25";"1988,875";"2009,875"
"22:12:00.283";"1993";"1606";"30";"3cm";"1996,75";"2002,00";"5,25";"1988,875";"2009,875"
"22:12:00.783";"2001";"1613";"30";"3cm";"1996,75";"2002,00";"5,25";"1988,875";"2009,875"
"22:12:01.283";"1990";"1604";"30";"3cm";"1996,75";"2002,00";"5,25";"1988,875";"2009,875"
"22:12:02.283";"1999";"1611";"30";"3cm";"1996,75";"2002,00";"5,25";"1988,875";"2009,875"
"22:12:02.783";"2009";"1619";"30";"3cm";"1996,75";"2002,00";"5,25";"1988,875";"2009,875"
"22:12:03.283";"2003";"1614";"30";"3cm";"1996,75";"2002,00";"5,25";"1988,875";"2009,875"
"22:12:03.783";"1993";"1606";"30";"3cm";"1996,75";"2002,00";"5,25";"1988,875";"2009,875"
"22:12:04.283";"2003";"1614";"30";"3cm";"1996,75";"2002,00";"5,25";"1988,875";"2009,875"
"22:12:04.782";"2000";"1612";"30";"3cm";"1996,75";"2002,00";"5,25";"1988,875";"2009,875"
"22:12:05.282";"2005";"1616";"30";"3cm";"1996,75";"2002,00";"5,25";"1988,875";"2009,875"
"22:12:05.783";"1994";"1607";"30";"3cm";"1996,75";"2002,00";"5,25";"1988,875";"2009,875"
"22:12:06.283";"2000";"1612";"30";"3cm";"1996,75";"2002,00";"5,25";"1988,875";"2009,875"
"22:12:06.782";"2002";"1613";"30";"3cm";"1996,75";"2002,00";"5,25";"1988,875";"2009,875"
"22:12:07.283";"2007";"1617";"30";"3cm";"1996,75";"2002,00";"5,25";"1988,875";"2009,875"
"22:12:07.782";"1997";"1609";"30";"3cm";"1996,75";"2002,00";"5,25";"1988,875";"2009,875"
"22:12:08.283";"1995";"1608";"30";"3cm";"1996,75";"2002,00";"5,25";"1988,875";"2009,875"
"22:12:08.782";"1998";"1610";"30";"3cm";"1996,75";"2002,00";"5,25";"1988,875";"2009,875"
"22:12:09.283";"1990";"1604";"30";"3cm";"1996,75";"2002,00";"5,25";"1988,875";"2009,875"
"22:12:09.782";"1993";"1606";"30";"3cm";"1996,75";"2002,00";"5,25";"1988,875";"2009,875"
"22:12:10.283";"1998";"1610";"30";"3cm";"1996,75";"2002,00";"5,25";"1988,875";"2009,875"
"22:12:10.783";"2000";"1612";"30";"3cm";"1996,75";"2002,00";"5,25";"1988,875";"2009,875"
"22:12:11.282";"2000";"1612";"30";"3cm";"1996,75";"2002,00";"5,25";"1988,875";"2009,875"
"22:12:11.783";"1999";"1611";"30";"3cm";"1996,75";"2002,00";"5,25";"1988,875";"2009,875"
"22:12:12.283";"2004";"1615";"30";"3cm";"1996,75";"2002,00";"5,25";"1988,875";"2009,875"
"22:12:12.783";"2004";"1615";"30";"3cm";"1996,75";"2002,00";"5,25";"1988,875";"2009,875"
"22:12:13.283";"1997";"1609";"30";"3cm";"1996,75";"2002,00";"5,25";"1988,875";"2009,875"
"22:12:13.782";"1990";"1604";"30";"3cm";"1996,75";"2002,00";"5,25";"1988,875";"2009,875"
"22:12:14.283";"1996";"1608";"30";"3cm";"1996,75";"2002,00";"5,25";"1988,875";"2009,875"
"22:12:14.783";"1998";"1610";"30";"3cm";"1996,75";"2002,00";"5,25";"1988,875";"2009,875"
"22:12:15.283";"1999";"1611";"30";"3cm";"1996,75";"2002,00";"5,25";"1988,875";"2009,875"
"22:12:15.782";"1991";"1604";"30";"3cm";"1996,75";"2002,00";"5,25";"1988,875";"2009,875"
"22:12:16.283";"2001";"1613";"30";"3cm";"1996,75";"2002,00";"5,25";"1988,875";"2009,875"
"22:12:16.783";"2003";"1614";"30";"3cm";"1996,75";"2002,00";"5,25";"1988,875";"2009,875"
"22:12:17.283";"2003";"1614";"30";"3cm";"1996,75";"2002,00";"5,25";"1988,875";"2009,875"
"22:12:18.283";"2003";"1614";"30";"3cm";"1996,75";"2002,00";"5,25";"1988,875";"2009,875"
"22:12:18.784";"1995";"1608";"30";"3cm";"1996,75";"2002,00";"5,25";"1988,875";"2009,875"
"22:12:19.283";"2001";"1613";"30";"3cm";"1996,75";"2002,00";"5,25";"1988,875";"2009,875"
"22:12:19.782";"1999";"1611";"30";"3cm";"1996,75";"2002,00";"5,25";"1988,875";"2009,875"
"22:12:20.283";"2000";"1612";"30";"3cm";"1996,75";"2002,00";"5,25";"1988,875";"2009,875"
"22:12:20.783";"1999";"1611";"30";"3cm";"1996,75";"2002,00";"5,25";"1988,875";"2009,875"
"22:12:21.283";"1997";"1609";"30";"3cm";"1996,75";"2002,00";"5,25";"1988,875";"2009,875"
"22:12:21.783";"1999";"1611";"30";"3cm";"1996,75";"2002,00";"5,25";"1988,875";"2009,875"
"22:12:22.284";"2003";"1614";"30";"3cm";"1996,75";"2002,00";"5,25";"1988,875";"2009,875"
"22:12:22.784";"2000";"1612";"30";"3cm";"1996,75";"2002,00";"5,25";"1988,875";"2009,875"
"22:12:23.284";"1995";"1608";"30";"3cm";"1996,75";"2002,00";"5,25";"1988,875";"2009,875"
"22:17:53.818";"1988";"1602";"35";"3,5cm";"1979,00";"1987,50";"8,50";"1966,250";"2000,250"
"22:17:54.308";"1990";"1604";"35";"3,5cm";"1979,00";"1987,50";"8,50";"1966,250";"2000,250"
"22:17:54.808";"1973";"1590";"35";"3,5cm";"1979,00";"1987,50";"8,50";"1966,250";"2000,250"
"22:17:55.308";"1986";"1600";"35";"3,5cm";"1979,00";"1987,50";"8,50";"1966,250";"2000,250"
"22:17:55.808";"1983";"1598";"35";"3,5cm";"1979,00";"1987,50";"8,50";"1966,250";"2000,250"
"22:17:56.308";"1975";"1592";"35";"3,5cm";"1979,00";"1987,50";"8,50";"1966,250";"2000,250"
"22:17:56.808";"1983";"1598";"35";"3,5cm";"1979,00";"1987,50";"8,50";"1966,250";"2000,250"
"22:17:57.308";"1979";"1595";"35";"3,5cm";"1979,00";"1987,50";"8,50";"1966,250";"2000,250"
"22:17:57.808";"1981";"1596";"35";"3,5cm";"1979,00";"1987,50";"8,50";"1966,250";"2000,250"
"22:17:58.308";"1979";"1595";"35";"3,5cm";"1979,00";"1987,50";"8,50";"1966,250";"2000,250"
"22:17:58.808";"1983";"1598";"35";"3,5cm";"1979,00";"1987,50";"8,50";"1966,250";"2000,250"
"22:17:59.308";"1974";"1591";"35";"3,5cm";"1979,00";"1987,50";"8,50";"1966,250";"2000,250"
"22:17:59.808";"1991";"1604";"35";"3,5cm";"1979,00";"1987,50";"8,50";"1966,250";"2000,250"
"22:18:00.308";"1983";"1598";"35";"3,5cm";"1979,00";"1987,50";"8,50";"1966,250";"2000,250"
"22:18:00.809";"1982";"1597";"35";"3,5cm";"1979,00";"1987,50";"8,50";"1966,250";"2000,250"
"22:18:01.308";"1981";"1596";"35";"3,5cm";"1979,00";"1987,50";"8,50";"1966,250";"2000,250"
"22:18:01.807";"1980";"1596";"35";"3,5cm";"1979,00";"1987,50";"8,50";"1966,250";"2000,250"
"22:18:02.308";"1982";"1597";"35";"3,5cm";"1979,00";"1987,50";"8,50";"1966,250";"2000,250"
"22:18:02.809";"1970";"1588";"35";"3,5cm";"1979,00";"1987,50";"8,50";"1966,250";"2000,250"
"22:18:03.308";"1986";"1600";"35";"3,5cm";"1979,00";"1987,50";"8,50";"1966,250";"2000,250"
"22:18:03.808";"1990";"1604";"35";"3,5cm";"1979,00";"1987,50";"8,50";"1966,250";"2000,250"
"22:18:04.308";"1989";"1603";"35";"3,5cm";"1979,00";"1987,50";"8,50";"1966,250";"2000,250"
"22:18:04.809";"1971";"1588";"35";"3,5cm";"1979,00";"1987,50";"8,50";"1966,250";"2000,250"
"22:18:05.308";"1978";"1594";"35";"3,5cm";"1979,00";"1987,50";"8,50";"1966,250";"2000,250"
"22:18:05.808";"1990";"1604";"35";"3,5cm";"1979,00";"1987,50";"8,50";"1966,250";"2000,250"
"22:18:06.309";"1984";"1599";"35";"3,5cm";"1979,00";"1987,50";"8,50";"1966,250";"2000,250"
"22:18:06.808";"1982";"1597";"35";"3,5cm";"1979,00";"1987,50";"8,50";"1966,250";"2000,250"
"22:18:07.308";"1989";"1603";"35";"3,5cm";"1979,00";"1987,50";"8,50";"1966,250";"2000,250"
"22:18:07.808";"1984";"1599";"35";"3,5cm";"1979,00";"1987,50";"8,50";"1966,250";"2000,250"
"22:18:08.308";"1987";"1601";"35";"3,5cm";"1979,00";"1987,50";"8,50";"1966,250";"2000,250"
"22:18:08.809";"1978";"1594";"35";"3,5cm";"1979,00";"1987,50";"8,50";"1966,250";"2000,250"
"22:18:09.308";"1987";"1601";"35";"3,5cm";"1979,00";"1987,50";"8,50";"1966,250";"2000,250"
"22:18:09.808";"1973";"1590";"35";"3,5cm";"1979,00";"1987,50";"8,50";"1966,250";"2000,250"
"22:18:10.307";"1983";"1598";"35";"3,5cm";"1979,00";"1987,50";"8,50";"1966,250";"2000,250"
"22:18:10.808";"1984";"1599";"35";"3,5cm";"1979,00";"1987,50";"8,50";"1966,250";"2000,250"
"22:18:11.308";"1984";"1599";"35";"3,5cm";"1979,00";"1987,50";"8,50";"1966,250";"2000,250"
"22:18:11.808";"1999";"1611";"35";"3,5cm";"1979,00";"1987,50";"8,50";"1966,250";"2000,250"
"22:18:12.308";"1987";"1601";"35";"3,5cm";"1979,00";"1987,50";"8,50";"1966,250";"2000,250"
"22:18:12.808";"1994";"1607";"35";"3,5cm";"1979,00";"1987,50";"8,50";"1966,250";"2000,250"
"22:18:13.309";"1989";"1603";"35";"3,5cm";"1979,00";"1987,50";"8,50";"1966,250";"2000,250"
"22:18:13.808";"1986";"1600";"35";"3,5cm";"1979,00";"1987,50";"8,50";"1966,250";"2000,250"
"22:18:14.309";"2000";"1612";"35";"3,5cm";"1979,00";"1987,50";"8,50";"1966,250";"2000,250"
"22:18:14.809";"1981";"1596";"35";"3,5cm";"1979,00";"1987,50";"8,50";"1966,250";"2000,250"
"22:18:15.309";"1989";"1603";"35";"3,5cm";"1979,00";"1987,50";"8,50";"1966,250";"2000,250"
"22:18:15.809";"1998";"1610";"35";"3,5cm";"1979,00";"1987,50";"8,50";"1966,250";"2000,250"
"22:18:16.308";"1977";"1593";"35";"3,5cm";"1979,00";"1987,50";"8,50";"1966,250";"2000,250"
"22:18:16.808";"1974";"1591";"35";"3,5cm";"1979,00";"1987,50";"8,50";"1966,250";"2000,250"
"22:18:17.308";"1974";"1591";"35";"3,5cm";"1979,00";"1987,50";"8,50";"1966,250";"2000,250"
"22:18:17.808";"1995";"1608";"35";"3,5cm";"1979,00";"1987,50";"8,50";"1966,250";"2000,250"
"22:18:18.309";"1984";"1599";"35";"3,5cm";"1979,00";"1987,50";"8,50";"1966,250";"2000,250"
"22:18:18.808";"1985";"1600";"35";"3,5cm";"1979,00";"1987,50";"8,50";"1966,250";"2000,250"
"22:18:19.308";"1987";"1601";"35";"3,5cm";"1979,00";"1987,50";"8,50";"1966,250";"2000,250"
"22:18:19.808";"1983";"1598";"35";"3,5cm";"1979,00";"1987,50";"8,50";"1966,250";"2000,250"
"22:18:20.308";"1983";"1598";"35";"3,5cm";"1979,00";"1987,50";"8,50";"1966,250";"2000,250"
"22:18:20.808";"1971";"1588";"35";"3,5cm";"1979,00";"1987,50";"8,50";"1966,250";"2000,250"
"22:18:21.309";"1975";"1592";"35";"3,5cm";"1979,00";"1987,50";"8,50";"1966,250";"2000,250"
"22:18:21.808";"1989";"1603";"35";"3,5cm";"1979,00";"1987,50";"8,50";"1966,250";"2000,250"
"22:18:22.308";"1975";"1592";"35";"3,5cm";"1979,00";"1987,50";"8,50";"1966,250";"2000,250"
"22:18:22.808";"1982";"1597";"35";"3,5cm";"1979,00";"1987,50";"8,50";"1966,250";"2000,250"
"22:18:23.308";"1995";"1608";"35";"3,5cm";"1979,00";"1987,50";"8,50";"1966,250";"2000,250"
"22:18:23.809";"1992";"1605";"35";"3,5cm";"1979,00";"1987,50";"8,50";"1966,250";"2000,250"
"22:18:24.309";"1993";"1606";"35";"3,5cm";"1979,00";"1987,50";"8,50";"1966,250";"2000,250"
"22:18:24.809";"1986";"1600";"35";"3,5cm";"1979,00";"1987,50";"8,50";"1966,250";"2000,250"
"22:18:25.309";"1978";"1594";"35";"3,5cm";"1979,00";"1987,50";"8,50";"1966,250";"2000,250"
"22:18:25.808";"1984";"1599";"35";"3,5cm";"1979,00";"1987,50";"8,50";"1966,250";"2000,250"
"22:18:26.309";"1979";"1595";"35";"3,5cm";"1979,00";"1987,50";"8,50";"1966,250";"2000,250"
"22:18:26.808";"1984";"1599";"35";"3,5cm";"1979,00";"1987,50";"8,50";"1966,250";"2000,250"
"22:18:27.309";"1983";"1598";"35";"3,5cm";"1979,00";"1987,50";"8,50";"1966,250";"2000,250"
"22:18:27.808";"1979";"1595";"35";"3,5cm";"1979,00";"1987,50";"8,50";"1966,250";"2000,250"
"22:18:28.308";"1979";"1595";"35";"3,5cm";"1979,00";"1987,50";"8,50";"1966,250";"2000,250"
"22:18:28.808";"1984";"1599";"35";"3,5cm";"1979,00";"1987,50";"8,50";"1966,250";"2000,250"
"22:18:29.308";"1970";"1588";"35";"3,5cm";"1979,00";"1987,50";"8,50";"1966,250";"2000,250"
"22:18:29.809";"1980";"1596";"35";"3,5cm";"1979,00";"1987,50";"8,50";"1966,250";"2000,250"
"22:18:30.308";"1983";"1598";"35";"3,5cm";"1979,00";"1987,50";"8,50";"1966,250";"2000,250"
"22:18:30.808";"1989";"1603";"35";"3,5cm";"1979,00";"1987,50";"8,50";"1966,250";"2000,250"
"22:18:31.309";"1980";"1596";"35";"3,5cm";"1979,00";"1987,50";"8,50";"1966,250";"2000,250"
"22:18:31.809";"1974";"1591";"35";"3,5cm";"1979,00";"1987,50";"8,50";"1966,250";"2000,250"
"22:18:32.309";"1994";"1607";"35";"3,5cm";"1979,00";"1987,50";"8,50";"1966,250";"2000,250"
"22:18:32.808";"1973";"1590";"35";"3,5cm";"1979,00";"1987,50";"8,50";"1966,250";"2000,250"
"22:18:33.308";"1980";"1596";"35";"3,5cm";"1979,00";"1987,50";"8,50";"1966,250";"2000,250"
"22:18:33.809";"1980";"1596";"35";"3,5cm";"1979,00";"1987,50";"8,50";"1966,250";"2000,250"
"22:18:34.308";"1985";"1600";"35";"3,5cm";"1979,00";"1987,50";"8,50";"1966,250";"2000,250"
"22:18:34.809";"1986";"1600";"35";"3,5cm";"1979,00";"1987,50";"8,50";"1966,250";"2000,250"
"22:18:35.309";"1973";"1590";"35";"3,5cm";"1979,00";"1987,50";"8,50";"1966,250";"2000,250"
"22:18:35.809";"1986";"1600";"35";"3,5cm";"1979,00";"1987,50";"8,50";"1966,250";"2000,250"
"22:18:36.309";"1990";"1604";"35";"3,5cm";"1979,00";"1987,50";"8,50";"1966,250";"2000,250"
"22:18:36.809";"1981";"1596";"35";"3,5cm";"1979,00";"1987,50";"8,50";"1966,250";"2000,250"
"22:18:37.309";"1981";"1596";"35";"3,5cm";"1979,00";"1987,50";"8,50";"1966,250";"2000,250"
"22:18:37.808";"1982";"1597";"35";"3,5cm";"1979,00";"1987,50";"8,50";"1966,250";"2000,250"
"22:18:38.309";"1979";"1595";"35";"3,5cm";"1979,00";"1987,50";"8,50";"1966,250";"2000,250"
"22:18:38.809";"1975";"1592";"35";"3,5cm";"1979,00";"1987,50";"8,50";"1966,250";"2000,250"
"22:18:39.309";"1975";"1592";"35";"3,5cm";"1979,00";"1987,50";"8,50";"1966,250";"2000,250"
"22:18:39.808";"1979";"1595";"35";"3,5cm";"1979,00";"1987,50";"8,50";"1966,250";"2000,250"
"22:18:40.309";"1989";"1603";"35";"3,5cm";"1979,00";"1987,50";"8,50";"1966,250";"2000,250"
"22:18:40.809";"1984";"1599";"35";"3,5cm";"1979,00";"1987,50";"8,50";"1966,250";"2000,250"
"22:18:41.309";"1974";"1591";"35";"3,5cm";"1979,00";"1987,50";"8,50";"1966,250";"2000,250"
"22:18:41.809";"1990";"1604";"35";"3,5cm";"1979,00";"1987,50";"8,50";"1966,250";"2000,250"
"22:18:42.309";"1995";"1608";"35";"3,5cm";"1979,00";"1987,50";"8,50";"1966,250";"2000,250"
"22:18:42.808";"1986";"1600";"35";"3,5cm";"1979,00";"1987,50";"8,50";"1966,250";"2000,250"
"22:18:43.308";"1971";"1588";"35";"3,5cm";"1979,00";"1987,50";"8,50";"1966,250";"2000,250"
"22:18:43.808";"1989";"1603";"35";"3,5cm";"1979,00";"1987,50";"8,50";"1966,250";"2000,250"
"22:18:44.308";"1982";"1597";"35";"3,5cm";"1979,00";"1987,50";"8,50";"1966,250";"2000,250"
"22:18:44.809";"1991";"1604";"35";"3,5cm";"1979,00";"1987,50";"8,50";"1966,250";"2000,250"
"22:18:45.308";"1982";"1597";"35";"3,5cm";"1979,00";"1987,50";"8,50";"1966,250";"2000,250"
"22:18:45.809";"1989";"1603";"35";"3,5cm";"1979,00";"1987,50";"8,50";"1966,250";"2000,250"
"22:18:46.309";"1994";"1607";"35";"3,5cm";"1979,00";"1987,50";"8,50";"1966,250";"2000,250"
"22:18:46.809";"1991";"1604";"35";"3,5cm";"1979,00";"1987,50";"8,50";"1966,250";"2000,250"
"22:18:47.309";"1982";"1597";"35";"3,5cm";"1979,00";"1987,50";"8,50";"1966,250";"2000,250"
"22:18:47.809";"1983";"1598";"35";"3,5cm";"1979,00";"1987,50";"8,50";"1966,250";"2000,250"
"22:18:48.309";"1981";"1596";"35";"3,5cm";"1979,00";"1987,50";"8,50";"1966,250";"2000,250"
"22:18:48.809";"1987";"1601";"35";"3,5cm";"1979,00";"1987,50";"8,50";"1966,250";"2000,250"
"22:18:49.309";"1988";"1602";"35";"3,5cm";"1979,00";"1987,50";"8,50";"1966,250";"2000,250"
"22:18:49.809";"1990";"1604";"35";"3,5cm";"1979,00";"1987,50";"8,50";"1966,250";"2000,250"
"22:18:50.309";"1983";"1598";"35";"3,5cm";"1979,00";"1987,50";"8,50";"1966,250";"2000,250"
"22:18:50.808";"1973";"1590";"35";"3,5cm";"1979,00";"1987,50";"8,50";"1966,250";"2000,250"
"22:18:51.309";"1978";"1594";"35";"3,5cm";"1979,00";"1987,50";"8,50";"1966,250";"2000,250"
"22:18:51.809";"1983";"1598";"35";"3,5cm";"1979,00";"1987,50";"8,50";"1966,250";"2000,250"
"22:18:52.309";"1985";"1600";"35";"3,5cm";"1979,00";"1987,50";"8,50";"1966,250";"2000,250"
"22:18:52.809";"1975";"1592";"35";"3,5cm";"1979,00";"1987,50";"8,50";"1966,250";"2000,250"
"22:18:53.309";"1979";"1595";"35";"3,5cm";"1979,00";"1987,50";"8,50";"1966,250";"2000,250"
"22:18:53.809";"1983";"1598";"35";"3,5cm";"1979,00";"1987,50";"8,50";"1966,250";"2000,250"
"22:18:54.309";"1979";"1595";"35";"3,5cm";"1979,00";"1987,50";"8,50";"1966,250";"2000,250"
"22:18:54.809";"1983";"1598";"35";"3,5cm";"1979,00";"1987,50";"8,50";"1966,250";"2000,250"
"22:19:37.319";"1966";"1584";"40";"4cm";"1973,00";"1983,00";"10,00";"1958,000";"1998,000"
"22:19:37.809";"1979";"1595";"40";"4cm";"1973,00";"1983,00";"10,00";"1958,000";"1998,000"
"22:19:38.308";"1985";"1600";"40";"4cm";"1973,00";"1983,00";"10,00";"1958,000";"1998,000"
"22:19:38.809";"1971";"1588";"40";"4cm";"1973,00";"1983,00";"10,00";"1958,000";"1998,000"
"22:19:39.308";"1991";"1604";"40";"4cm";"1973,00";"1983,00";"10,00";"1958,000";"1998,000"
"22:19:39.809";"1983";"1598";"40";"4cm";"1973,00";"1983,00";"10,00";"1958,000";"1998,000"
"22:19:40.308";"1981";"1596";"40";"4cm";"1973,00";"1983,00";"10,00";"1958,000";"1998,000"
"22:19:40.809";"1973";"1590";"40";"4cm";"1973,00";"1983,00";"10,00";"1958,000";"1998,000"
"22:19:41.309";"1982";"1597";"40";"4cm";"1973,00";"1983,00";"10,00";"1958,000";"1998,000"
"22:19:41.808";"1975";"1592";"40";"4cm";"1973,00";"1983,00";"10,00";"1958,000";"1998,000"
"22:19:42.308";"1972";"1589";"40";"4cm";"1973,00";"1983,00";"10,00";"1958,000";"1998,000"
"22:19:42.809";"1967";"1585";"40";"4cm";"1973,00";"1983,00";"10,00";"1958,000";"1998,000"
"22:19:43.309";"1983";"1598";"40";"4cm";"1973,00";"1983,00";"10,00";"1958,000";"1998,000"
"22:19:43.809";"1968";"1586";"40";"4cm";"1973,00";"1983,00";"10,00";"1958,000";"1998,000"
"22:19:44.309";"1968";"1586";"40";"4cm";"1973,00";"1983,00";"10,00";"1958,000";"1998,000"
"22:19:44.809";"1979";"1595";"40";"4cm";"1973,00";"1983,00";"10,00";"1958,000";"1998,000"
"22:19:45.308";"1978";"1594";"40";"4cm";"1973,00";"1983,00";"10,00";"1958,000";"1998,000"
"22:19:45.809";"1974";"1591";"40";"4cm";"1973,00";"1983,00";"10,00";"1958,000";"1998,000"
"22:19:46.308";"1970";"1588";"40";"4cm";"1973,00";"1983,00";"10,00";"1958,000";"1998,000"
"22:19:46.809";"1969";"1587";"40";"4cm";"1973,00";"1983,00";"10,00";"1958,000";"1998,000"
"22:19:47.308";"1983";"1598";"40";"4cm";"1973,00";"1983,00";"10,00";"1958,000";"1998,000"
"22:19:47.808";"1983";"1598";"40";"4cm";"1973,00";"1983,00";"10,00";"1958,000";"1998,000"
"22:19:48.308";"1984";"1599";"40";"4cm";"1973,00";"1983,00";"10,00";"1958,000";"1998,000"
"22:19:48.809";"1982";"1597";"40";"4cm";"1973,00";"1983,00";"10,00";"1958,000";"1998,000"
"22:19:49.310";"1981";"1596";"40";"4cm";"1973,00";"1983,00";"10,00";"1958,000";"1998,000"
"22:19:49.809";"1975";"1592";"40";"4cm";"1973,00";"1983,00";"10,00";"1958,000";"1998,000"
"22:19:50.309";"1990";"1604";"40";"4cm";"1973,00";"1983,00";"10,00";"1958,000";"1998,000"
"22:19:50.809";"1971";"1588";"40";"4cm";"1973,00";"1983,00";"10,00";"1958,000";"1998,000"
"22:19:51.309";"1969";"1587";"40";"4cm";"1973,00";"1983,00";"10,00";"1958,000";"1998,000"
"22:19:51.809";"1983";"1598";"40";"4cm";"1973,00";"1983,00";"10,00";"1958,000";"1998,000"
"22:19:52.309";"1979";"1595";"40";"4cm";"1973,00";"1983,00";"10,00";"1958,000";"1998,000"
"22:19:52.809";"1980";"1596";"40";"4cm";"1973,00";"1983,00";"10,00";"1958,000";"1998,000"
"22:19:53.309";"1985";"1600";"40";"4cm";"1973,00";"1983,00";"10,00";"1958,000";"1998,000"
"22:19:53.809";"1980";"1596";"40";"4cm";"1973,00";"1983,00";"10,00";"1958,000";"1998,000"
"22:19:54.309";"1969";"1587";"40";"4cm";"1973,00";"1983,00";"10,00";"1958,000";"1998,000"
"22:19:54.809";"1981";"1596";"40";"4cm";"1973,00";"1983,00";"10,00";"1958,000";"1998,000"
"22:19:55.309";"1984";"1599";"40";"4cm";"1973,00";"1983,00";"10,00";"1958,000";"1998,000"
"22:19:55.809";"1980";"1596";"40";"4cm";"1973,00";"1983,00";"10,00";"1958,000";"1998,000"
"22:19:56.309";"1969";"1587";"40";"4cm";"1973,00";"1983,00";"10,00";"1958,000";"1998,000"
"22:19:56.809";"1980";"1596";"40";"4cm";"1973,00";"1983,00";"10,00";"1958,000";"1998,000"
"22:19:57.309";"1975";"1592";"40";"4cm";"1973,00";"1983,00";"10,00";"1958,000";"1998,000"
"22:19:57.809";"1974";"1591";"40";"4cm";"1973,00";"1983,00";"10,00";"1958,000";"1998,000"
"22:19:58.309";"1971";"1588";"40";"4cm";"1973,00";"1983,00";"10,00";"1958,000";"1998,000"
"22:19:58.809";"1973";"1590";"40";"4cm";"1973,00";"1983,00";"10,00";"1958,000";"1998,000"
"22:19:59.309";"1969";"1587";"40";"4cm";"1973,00";"1983,00";"10,00";"1958,000";"1998,000"
"22:19:59.809";"1971";"1588";"40";"4cm";"1973,00";"1983,00";"10,00";"1958,000";"1998,000"
"22:20:00.309";"1973";"1590";"40";"4cm";"1973,00";"1983,00";"10,00";"1958,000";"1998,000"
"22:20:00.809";"1979";"1595";"40";"4cm";"1973,00";"1983,00";"10,00";"1958,000";"1998,000"
"22:20:01.309";"1981";"1596";"40";"4cm";"1973,00";"1983,00";"10,00";"1958,000";"1998,000"
"22:20:01.809";"1979";"1595";"40";"4cm";"1973,00";"1983,00";"10,00";"1958,000";"1998,000"
"22:20:02.309";"1981";"1596";"40";"4cm";"1973,00";"1983,00";"10,00";"1958,000";"1998,000"
"22:20:02.809";"1984";"1599";"40";"4cm";"1973,00";"1983,00";"10,00";"1958,000";"1998,000"
"22:20:03.309";"1984";"1599";"40";"4cm";"1973,00";"1983,00";"10,00";"1958,000";"1998,000"
"22:20:03.809";"1978";"1594";"40";"4cm";"1973,00";"1983,00";"10,00";"1958,000";"1998,000"
"22:20:04.309";"1975";"1592";"40";"4cm";"1973,00";"1983,00";"10,00";"1958,000";"1998,000"
"22:20:04.808";"1973";"1590";"40";"4cm";"1973,00";"1983,00";"10,00";"1958,000";"1998,000"
"22:20:05.309";"1983";"1598";"40";"4cm";"1973,00";"1983,00";"10,00";"1958,000";"1998,000"
"22:20:05.809";"1990";"1604";"40";"4cm";"1973,00";"1983,00";"10,00";"1958,000";"1998,000"
"22:20:06.309";"1978";"1594";"40";"4cm";"1973,00";"1983,00";"10,00";"1958,000";"1998,000"
"22:20:06.809";"1968";"1586";"40";"4cm";"1973,00";"1983,00";"10,00";"1958,000";"1998,000"
"22:20:07.309";"1984";"1599";"40";"4cm";"1973,00";"1983,00";"10,00";"1958,000";"1998,000"
"22:20:07.809";"1972";"1589";"40";"4cm";"1973,00";"1983,00";"10,00";"1958,000";"1998,000"
"22:20:08.309";"1971";"1588";"40";"4cm";"1973,00";"1983,00";"10,00";"1958,000";"1998,000"
"22:20:08.809";"1983";"1598";"40";"4cm";"1973,00";"1983,00";"10,00";"1958,000";"1998,000"
"22:20:09.309";"1981";"1596";"40";"4cm";"1973,00";"1983,00";"10,00";"1958,000";"1998,000"
"22:20:09.809";"1981";"1596";"40";"4cm";"1973,00";"1983,00";"10,00";"1958,000";"1998,000"
"22:20:10.309";"1970";"1588";"40";"4cm";"1973,00";"1983,00";"10,00";"1958,000";"1998,000"
"22:20:10.809";"1974";"1591";"40";"4cm";"1973,00";"1983,00";"10,00";"1958,000";"1998,000"
"22:20:11.309";"1985";"1600";"40";"4cm";"1973,00";"1983,00";"10,00";"1958,000";"1998,000"
"22:20:11.809";"1983";"1598";"40";"4cm";"1973,00";"1983,00";"10,00";"1958,000";"1998,000"
"22:20:12.309";"1974";"1591";"40";"4cm";"1973,00";"1983,00";"10,00";"1958,000";"1998,000"
"22:20:12.809";"1971";"1588";"40";"4cm";"1973,00";"1983,00";"10,00";"1958,000";"1998,000"
"22:20:13.309";"1975";"1592";"40";"4cm";"1973,00";"1983,00";"10,00";"1958,000";"1998,000"
"22:20:13.809";"1987";"1601";"40";"4cm";"1973,00";"1983,00";"10,00";"1958,000";"1998,000"
"22:20:14.309";"1968";"1586";"40";"4cm";"1973,00";"1983,00";"10,00";"1958,000";"1998,000"
"22:20:14.809";"1975";"1592";"40";"4cm";"1973,00";"1983,00";"10,00";"1958,000";"1998,000"
"22:20:15.309";"1979";"1595";"40";"4cm";"1973,00";"1983,00";"10,00";"1958,000";"1998,000"
"22:20:15.809";"1985";"1600";"40";"4cm";"1973,00";"1983,00";"10,00";"1958,000";"1998,000"
"22:20:16.309";"1983";"1598";"40";"4cm";"1973,00";"1983,00";"10,00";"1958,000";"1998,000"
"22:20:16.809";"1979";"1595";"40";"4cm";"1973,00";"1983,00";"10,00";"1958,000";"1998,000"
"22:20:17.309";"1967";"1585";"40";"4cm";"1973,00";"1983,00";"10,00";"1958,000";"1998,000"
"22:20:17.809";"1982";"1597";"40";"4cm";"1973,00";"1983,00";"10,00";"1958,000";"1998,000"
"22:20:18.309";"1979";"1595";"40";"4cm";"1973,00";"1983,00";"10,00";"1958,000";"1998,000"
"22:20:18.809";"1978";"1594";"40";"4cm";"1973,00";"1983,00";"10,00";"1958,000";"1998,000"
"22:20:19.309";"1983";"1598";"40";"4cm";"1973,00";"1983,00";"10,00";"1958,000";"1998,000"
"22:20:19.809";"1984";"1599";"40";"4cm";"1973,00";"1983,00";"10,00";"1958,000";"1998,000"
"22:20:20.309";"1974";"1591";"40";"4cm";"1973,00";"1983,00";"10,00";"1958,000";"1998,000"
"22:20:20.809";"1968";"1586";"40";"4cm";"1973,00";"1983,00";"10,00";"1958,000";"1998,000"
"22:20:21.309";"1990";"1604";"40";"4cm";"1973,00";"1983,00";"10,00";"1958,000";"1998,000"
"22:20:21.810";"1975";"1592";"40";"4cm";"1973,00";"1983,00";"10,00";"1958,000";"1998,000"
"22:20:22.309";"1992";"1605";"40";"4cm";"1973,00";"1983,00";"10,00";"1958,000";"1998,000"
"22:20:22.809";"1974";"1591";"40";"4cm";"1973,00";"1983,00";"10,00";"1958,000";"1998,000"
"22:20:23.309";"1978";"1594";"40";"4cm";"1973,00";"1983,00";"10,00";"1958,000";"1998,000"
"22:20:23.809";"1975";"1592";"40";"4cm";"1973,00";"1983,00";"10,00";"1958,000";"1998,000"
"22:20:24.310";"1975";"1592";"40";"4cm";"1973,00";"1983,00";"10,00";"1958,000";"1998,000"
"22:20:24.809";"1975";"1592";"40";"4cm";"1973,00";"1983,00";"10,00";"1958,000";"1998,000"
"22:20:25.310";"1978";"1594";"40";"4cm";"1973,00";"1983,00";"10,00";"1958,000";"1998,000"
"22:20:25.810";"1975";"1592";"40";"4cm";"1973,00";"1983,00";"10,00";"1958,000";"1998,000"
"22:20:26.309";"1979";"1595";"40";"4cm";"1973,00";"1983,00";"10,00";"1958,000";"1998,000"
"22:20:26.810";"1979";"1595";"40";"4cm";"1973,00";"1983,00";"10,00";"1958,000";"1998,000"
"22:20:27.309";"1984";"1599";"40";"4cm";"1973,00";"1983,00";"10,00";"1958,000";"1998,000"
"22:20:27.809";"1969";"1587";"40";"4cm";"1973,00";"1983,00";"10,00";"1958,000";"1998,000"
"22:20:28.310";"1982";"1597";"40";"4cm";"1973,00";"1983,00";"10,00";"1958,000";"1998,000"
"22:20:28.809";"1971";"1588";"40";"4cm";"1973,00";"1983,00";"10,00";"1958,000";"1998,000"
"22:20:29.309";"1983";"1598";"40";"4cm";"1973,00";"1983,00";"10,00";"1958,000";"1998,000"
"22:20:29.809";"1982";"1597";"40";"4cm";"1973,00";"1983,00";"10,00";"1958,000";"1998,000"
"22:20:30.309";"1984";"1599";"40";"4cm";"1973,00";"1983,00";"10,00";"1958,000";"1998,000"
"22:20:30.809";"1979";"1595";"40";"4cm";"1973,00";"1983,00";"10,00";"1958,000";"1998,000"
"22:20:31.310";"1975";"1592";"40";"4cm";"1973,00";"1983,00";"10,00";"1958,000";"1998,000"
"22:20:31.810";"1981";"1596";"40";"4cm";"1973,00";"1983,00";"10,00";"1958,000";"1998,000"
"22:20:32.309";"1984";"1599";"40";"4cm";"1973,00";"1983,00";"10,00";"1958,000";"1998,000"
"22:20:32.809";"1968";"1586";"40";"4cm";"1973,00";"1983,00";"10,00";"1958,000";"1998,000"
"22:20:33.310";"1975";"1592";"40";"4cm";"1973,00";"1983,00";"10,00";"1958,000";"1998,000"
"22:20:33.810";"1989";"1603";"40";"4cm";"1973,00";"1983,00";"10,00";"1958,000";"1998,000"
"22:20:34.309";"1983";"1598";"40";"4cm";"1973,00";"1983,00";"10,00";"1958,000";"1998,000"
"22:20:34.810";"1979";"1595";"40";"4cm";"1973,00";"1983,00";"10,00";"1958,000";"1998,000"
"22:20:35.309";"1983";"1598";"40";"4cm";"1973,00";"1983,00";"10,00";"1958,000";"1998,000"
"22:20:35.809";"1966";"1584";"40";"4cm";"1973,00";"1983,00";"10,00";"1958,000";"1998,000"
"22:20:36.309";"1974";"1591";"40";"4cm";"1973,00";"1983,00";"10,00";"1958,000";"1998,000"
"22:20:36.810";"1983";"1598";"40";"4cm";"1973,00";"1983,00";"10,00";"1958,000";"1998,000"
"22:20:37.310";"1982";"1597";"40";"4cm";"1973,00";"1983,00";"10,00";"1958,000";"1998,000"
"21:36:43.381";"1968";"1586";"999";"inf";"1966,00";"1969,00";"3,00";"1961,500";"1973,500"
"21:36:43.882";"1968";"1586";"999";"inf";"1966,00";"1969,00";"3,00";"1961,500";"1973,500"
"21:36:44.382";"1968";"1586";"999";"inf";"1966,00";"1969,00";"3,00";"1961,500";"1973,500"
"21:36:44.882";"1971";"1588";"999";"inf";"1966,00";"1969,00";"3,00";"1961,500";"1973,500"
"21:36:45.381";"1965";"1584";"999";"inf";"1966,00";"1969,00";"3,00";"1961,500";"1973,500"
"21:36:45.882";"1968";"1586";"999";"inf";"1966,00";"1969,00";"3,00";"1961,500";"1973,500"
"21:36:46.382";"1969";"1587";"999";"inf";"1966,00";"1969,00";"3,00";"1961,500";"1973,500"
"21:36:46.882";"1969";"1587";"999";"inf";"1966,00";"1969,00";"3,00";"1961,500";"1973,500"
"21:36:47.382";"1969";"1587";"999";"inf";"1966,00";"1969,00";"3,00";"1961,500";"1973,500"
"21:36:47.882";"1968";"1586";"999";"inf";"1966,00";"1969,00";"3,00";"1961,500";"1973,500"
"21:36:48.382";"1964";"1583";"999";"inf";"1966,00";"1969,00";"3,00";"1961,500";"1973,500"
"21:36:48.882";"1968";"1586";"999";"inf";"1966,00";"1969,00";"3,00";"1961,500";"1973,500"
"21:36:49.382";"1969";"1587";"999";"inf";"1966,00";"1969,00";"3,00";"1961,500";"1973,500"
"21:36:49.882";"1966";"1584";"999";"inf";"1966,00";"1969,00";"3,00";"1961,500";"1973,500"
"21:36:50.382";"1966";"1584";"999";"inf";"1966,00";"1969,00";"3,00";"1961,500";"1973,500"
"21:36:50.882";"1963";"1582";"999";"inf";"1966,00";"1969,00";"3,00";"1961,500";"1973,500"
"21:36:51.381";"1965";"1584";"999";"inf";"1966,00";"1969,00";"3,00";"1961,500";"1973,500"
"21:36:52.382";"1968";"1586";"999";"inf";"1966,00";"1969,00";"3,00";"1961,500";"1973,500"
"21:36:52.882";"1973";"1590";"999";"inf";"1966,00";"1969,00";"3,00";"1961,500";"1973,500"
"21:36:53.382";"1969";"1587";"999";"inf";"1966,00";"1969,00";"3,00";"1961,500";"1973,500"
"21:36:53.882";"1968";"1586";"999";"inf";"1966,00";"1969,00";"3,00";"1961,500";"1973,500"
"21:36:54.381";"1969";"1587";"999";"inf";"1966,00";"1969,00";"3,00";"1961,500";"1973,500"
"21:36:54.881";"1968";"1586";"999";"inf";"1966,00";"1969,00";"3,00";"1961,500";"1973,500"
"21:36:55.882";"1968";"1586";"999";"inf";"1966,00";"1969,00";"3,00";"1961,500";"1973,500"
"21:36:56.381";"1967";"1585";"999";"inf";"1966,00";"1969,00";"3,00";"1961,500";"1973,500"
"21:36:56.882";"1968";"1586";"999";"inf";"1966,00";"1969,00";"3,00";"1961,500";"1973,500"
"21:36:57.382";"1963";"1582";"999";"inf";"1966,00";"1969,00";"3,00";"1961,500";"1973,500"
"21:36:57.882";"1967";"1585";"999";"inf";"1966,00";"1969,00";"3,00";"1961,500";"1973,500"
"21:36:58.383";"1969";"1587";"999";"inf";"1966,00";"1969,00";"3,00";"1961,500";"1973,500"
"21:36:58.883";"1968";"1586";"999";"inf";"1966,00";"1969,00";"3,00";"1961,500";"1973,500"
"21:36:59.382";"1964";"1583";"999";"inf";"1966,00";"1969,00";"3,00";"1961,500";"1973,500"
"21:36:59.882";"1971";"1588";"999";"inf";"1966,00";"1969,00";"3,00";"1961,500";"1973,500"
"21:37:00.382";"1968";"1586";"999";"inf";"1966,00";"1969,00";"3,00";"1961,500";"1973,500"
"21:37:00.882";"1970";"1588";"999";"inf";"1966,00";"1969,00";"3,00";"1961,500";"1973,500"
"21:37:01.382";"1968";"1586";"999";"inf";"1966,00";"1969,00";"3,00";"1961,500";"1973,500"
"21:37:01.882";"1968";"1586";"999";"inf";"1966,00";"1969,00";"3,00";"1961,500";"1973,500"
"21:37:02.882";"1963";"1582";"999";"inf";"1966,00";"1969,00";"3,00";"1961,500";"1973,500"
"21:37:03.382";"1968";"1586";"999";"inf";"1966,00";"1969,00";"3,00";"1961,500";"1973,500"
"21:37:03.882";"1966";"1584";"999";"inf";"1966,00";"1969,00";"3,00";"1961,500";"1973,500"
"21:37:04.383";"1966";"1584";"999";"inf";"1966,00";"1969,00";"3,00";"1961,500";"1973,500"
"21:37:04.882";"1968";"1586";"999";"inf";"1966,00";"1969,00";"3,00";"1961,500";"1973,500"
"21:37:05.383";"1968";"1586";"999";"inf";"1966,00";"1969,00";"3,00";"1961,500";"1973,500"
"21:37:06.883";"1966";"1584";"999";"inf";"1966,00";"1969,00";"3,00";"1961,500";"1973,500"
"21:37:07.382";"1967";"1585";"999";"inf";"1966,00";"1969,00";"3,00";"1961,500";"1973,500"
"21:37:07.882";"1967";"1585";"999";"inf";"1966,00";"1969,00";"3,00";"1961,500";"1973,500"
"21:37:08.382";"1967";"1585";"999";"inf";"1966,00";"1969,00";"3,00";"1961,500";"1973,500"
"21:37:08.882";"1969";"1587";"999";"inf";"1966,00";"1969,00";"3,00";"1961,500";"1973,500"
"21:37:09.382";"1965";"1584";"999";"inf";"1966,00";"1969,00";"3,00";"1961,500";"1973,500"
"21:37:10.382";"1971";"1588";"999";"inf";"1966,00";"1969,00";"3,00";"1961,500";"1973,500"
"21:37:10.883";"1973";"1590";"999";"inf";"1966,00";"1969,00";"3,00";"1961,500";"1973,500"
"21:37:11.383";"1967";"1585";"999";"inf";"1966,00";"1969,00";"3,00";"1961,500";"1973,500"
"21:37:12.882";"1971";"1588";"999";"inf";"1966,00";"1969,00";"3,00";"1961,500";"1973,500"
"21:37:13.382";"1965";"1584";"999";"inf";"1966,00";"1969,00";"3,00";"1961,500";"1973,500"
"21:37:13.882";"1968";"1586";"999";"inf";"1966,00";"1969,00";"3,00";"1961,500";"1973,500"
"21:37:14.382";"1968";"1586";"999";"inf";"1966,00";"1969,00";"3,00";"1961,500";"1973,500"
"21:37:14.884";"1962";"1581";"999";"inf";"1966,00";"1969,00";"3,00";"1961,500";"1973,500"
