Label;Distance_mm;Mean_Raw;SD_Raw;Min_Raw;Max_Raw;Range;Sample_Count
0cm;0;3020,758065;3,826934243;3012;3028;16;62
1cm;10;2405,949686;51,02404481;2288;2521;233;159
1,5cm;15;2106,825397;15,88160161;2073;2139;66;126
2cm;20;2053,37069;15,062496;2026;2090;64;116
2,5cm;25;2015,606838;10,95835161;1993;2036;43;117
3cm;30;1998,879699;4,148818003;1990;2009;19;133
3,5cm;35;1983,162602;6,517786489;1970;2000;30;123
4cm;40;1977,826446;6,157214855;1966;1992;26;121
inf;999;1967,553571;2,303512282;1962;1973;11;56
